title;author;journal;year;source;pages;volume;abstract;document_type;doi;url;affiliation;author_keywords;keywords;publisher;issn;language;note
Predictive model to reduce the dropout rate of university students in Perú: Bayesian Networks vs. Decision Trees;Medina, Erik Cevallos and Chunga, Claudio Barahona and Armas-Aguirre, Jimmy and Grandón, Elizabeth E.;;2020;IEEE Xplore;1-7;;This research proposes a prediction model that might help reducing the dropout rate of university students in Peru. For this, a three-phase predictive analysis model was designed which was combined with the stages proposed by the IBM SPSS Modeler methodology. Bayesian network techniques was compared with decision trees for their level of accuracy over other algorithms in an Educational Data Mining (EDM) scenario. Data were collected from 500 undergraduate students from a private university in Lima. The results indicate that Bayesian networks behave better than decision trees based on metrics of precision, accuracy, specificity, and error rate. Particularly, the accuracy of Bayesian networks reaches 67.10% while the accuracy for decision trees is 61.92% in the training sample for iteration with 8:2 rate. On the other hand, the variables athletic person (0.30%), own house (0.21%), and high school grades (0.13%) are the ones that contribute most to the prediction model for both Bayesian networks and decision trees.;;10.23919/CISTI49556.2020.9141095;;;;"Bayes methods;Predictive models;Modeling;Decision trees;Data mining;Silicon;Information systems;predictive analysis;university dropout;Educational Data Mining;Bayesian Networks;Decision Trees";;2166-0727;;
Early detection of students at risk of failure from a small dataset;Leite, Dênis and Filho, Edson and de Oliveira, João F. L. and Carneiro, Rodrigo E. and Maciel, Alexandre;;2021;IEEE Xplore;42-46;;Predicting that a student is likely to fail in a course is critical for performing early interventions, prevent dropout and increase performance on distance learning. This work investigates the most promising machine learning model to perform this task using a small (35 samples) dataset that concerns two classes of one undergraduate course subject. The results bring evidence that the implemented ensemble can perform a prediction at the end of the first week of the course, with a mean accuracy of 78%, when presented to unseen data. This paper also investigates the influence of past data on the results of the classifiers by building datasets with different time window configurations.;;10.1109/ICALT52272.2021.00021;;;;"Computer aided instruction;Buildings;Machine learning;Predictive models;Feature extraction;Data models;Windows;machine learning;early prediction;students;learning analytics";;2161-377X;;
EarlySTEM: Machine Learning Platform for Early Identification of Dropout Risk in STEM Programs;Novoa, Melissa Moreno and Arrieta-Guardo, Isabella S. and González-Ortiz, José F. and Negrin-Perez, Eduardo A. and Martinez-Santos, Juan Carlos and Puertas, Edwin and Serrano, Jairo E.;;2025;IEEE Xplore;1-6;;EarlySTEM is a web-based platform designed to support the early identification of dropout risk in STEM undergraduate programs through a modular, scalable, and secure infrastructure. Leveraging the arc42 architecture template and Docker containerization, the system decouples key components–presentation, security, application, data, infrastructure, and scripts–to ensure maintainability and reproducible deployment. Students' sociodemographic, academic, cognitive, psychoemotional, socioeconomic, and self-efficacy variables are collected via responsive React interfaces and stored in PostgreSQL for downstream machine learning applications. Role-based access control using JWT and real-time institutional ID validation enhance security and data integrity. Functional validation of critical use cases has confirmed the system's robustness and error handling. Preliminary results demonstrate a fully operational prototype with personalized administrative dashboards, structured data capture forms, and readiness for the integration of decoupled inference microservices. The EarlySTEM architecture offers a replicable framework for deploying early warning systems in higher education contexts.;;10.1109/C366505.2025.11339990;;;;"Databases;Education;Microservice architectures;Prototypes;Machine learning;Alarm systems;Robustness;Real-time systems;Socioeconomics;System validation;Early warning systems;higher education;student dropout;modular architecture";;;;
Predicting university dropout using machine learning: Applications basedon multidisciplinary databases;Barramuno-Medina, Mauricio and Valdes-Badilla, Pablo andSaavedra-Lucero, Jose Luis and Galvez-Garcia, German and Gedda-Munoz,Relmu;EDUCATION IN THE KNOWLEDGE SOCIETY;2025;Web of Science (WoS);;26;"Student dropout constitutes a challenge for higher education
institutions due to, among other reasons, the diversity of students'
social, educational, and economic backgrounds, as well as the
disciplines and academic degrees in which they enrol, resulting in a
wide variability in educational trajectories. The study aimed to develop
a predictive model of university dropout among students enrolled in
various programs, utilising machine learning. An online questionnaire
and academic records were used to obtain ten variables previously
identified as relevant to the studied phenomenon, and classifiers were
trained through supervised machine learning procedures. The sample
consisted of 946 students from seven different academic disciplines at a
university in Chile. The primary outcomes indicate that a model based on
the RUSboosted Trees classifier presented the best performance in
predicting dropout in higher education, successfully recognising 90\% of
dropout students. Several previous studies have predicted student
dropout using machine learning, but typically on samples of students
belonging to the same programmes. This study presents a predictive model
that identifies future dropouts even under multidisciplinary conditions
within their original programmes.";Article;10.14201/eks.31711;;"Gedda-Muñoz, R (Corresponding Author), Univ Autonoma Barcelona, Dept Sociol, Bellaterra, Barcelona, Spain.Barramuno-Medina, Mauricio, Univ Autonoma Chile, Fac Hlth Sci, Kinesiol Program, Temuco, Chile.Valdes-Badilla, Pablo, Univ Catolica Maule, Fac Educ Sci, Dept Phys Act Sci, Talca 3530000, Chile.Valdes-Badilla, Pablo, Univ Vina Mar, Sch Educ, Sport Trainer Program, Vina Del Mar, Chile.Saavedra-Lucero, Jose Luis; Gedda-Munoz, Relmu, Univ Autonoma Chile, Temuco, Chile.Galvez-Garcia, German,";;"student dropout; students; higher education; prediction, machinelearning; data mining";EDICIONES UNIV SALAMANCA;2444-8729;English;
Early dropout prediction via machine learning in professional onlinecourses;Urteaga, Ignacio and Siri, Laura and Garofalo, Guillermo;RIED-REVISTA IBEROAMERICANA DE EDUCACION A DISTANCIA;2020;Web of Science (WoS);147-167;23;"Despite the advantages of e-learning, this way of learning is prone to
dropping out. Previous studies show that machine-learning techniques can
be applied to records of interactions between students and the platform
to predict abandonment. In this line, this work tries to find predictive
dropout models in virtual courses that last between six and sixteen
weeks, using Moodle logs from the first two. Models' sensitivity,
specificity and precision were evaluated, but priority was given to the
extent to which these models made it easier to avoid attrition through
cost-effective retention actions. Specifically, data from several
cohorts of four courses with different themes and durations were used.
All four dictated by the Secretariat of Extension of the National
Technological University of the Argentine Republic, Regional Buenos
Aires between February 2018 and October 2019. Different algorithms were
used to generate predictive models and optimize them in order to
mitigate the economic losses caused by attrition. It was analyzed if any
one in particular generated the best models for all courses. It was
studied whether it was convenient to build separate models per course or
one for the entire data set of the four courses. It was found that it is
possible to build successful predictive models and that the algorithm
that produced the best models was a neural network in three of the four
courses. The model that fit each one separately turned out better.";Article;10.5944/ried.23.2.26356;;"Urteaga, I (Corresponding Author), Univ Tecnolog Nacl, Secretaria Cultura \& Extens Univ, Medrano 951,2 Piso,Of 206, Buenos Aires, DF, Argentina.Urteaga, I (Corresponding Author), Univ Buenos Aires, Buenos Aires, DF, Argentina.Urteaga, Ignacio; Siri, Laura; Garofalo, Guillermo, Univ Tecnolog Nacl, Secretaria Cultura \& Extens Univ, Medrano 951,2 Piso,Of 206, Buenos Aires, DF, Argentina.Urteaga, Ignacio; Siri, Laura, Univ Buenos Aires, Buenos Aires, DF, Argentina.";;"distance study; dropout; machine learning; forecasting; mathematicalmodels; algorithms";ASOC IBEROAMERICANA EDUCACION SUPERIOR DISTANCIA;1138-2783;Spanish;
A predictive model for academic risk in medicine students;Mccoll-Calvo, Peter and Goset-Poblete, Jessica and Martinez-Lomakin,Felipe and Searle-Solar, Mariana and Silva-Orrego, Veronica;REVISTA MEDICA DE CHILE;2021;Web of Science (WoS);1787-1794;149;"Background: Academic performance is an important issue for universities.
Andres Bello University's academic risk factors identification system
focuses on performance variables, such as scores on university entrance
examinations and scores in high school. Since medical students have high
entrance scores, their academic risk is not detected. Aim: To create an
academic risk predictive model for medical students using neuro-didactic
variables. Material and Methods: Prospective cohort study with 189
first-year medical students. After signing the informed consent,
questionnaires were applied to measure variables related to executive
functions and reward system. These were analyzed with logistic
regression models and classification trees. Results: The variables that
modified the probability of academic risk were identified by the
logistic regression model with a global accuracy of 0.74 and by the
algorithm of the classification tree, with a sensitivity and specificity
of 68 and 79\% respectively. The identified variables for executive
functions, were the scores obtained in the science, mathematics, and
emotional intelligence tests of the university entrance examination.
Family pressure and who they live with, were variables associated with
the reward system. Conclusions: A low score in the science test of the
university entrance examination is the variable that initially
determines the probability of academic risk. It is modulated by
variables related to reward system. In the most complex branch, the
terminal node is represented by the emotional intelligence variable of
executive functions.";Article;;;"Mccoll-Calvo, P (Corresponding Author), Univ Andres Bello, Sede Vina del Mar, Fac Med, Carrera Med, Vina Del Mar, Chile.Mccoll-Calvo, Peter; Goset-Poblete, Jessica; Martinez-Lomakin, Felipe; Searle-Solar, Mariana; Silva-Orrego, Veronica, Univ Andres Bello, Sede Vina del Mar, Fac Med, Carrera Med, Vina Del Mar, Chile.";;"Academic Performance; Executive Function; Logistic Models; Reward;Students; Medical";SOC MEDICA SANTIAGO;0034-9887;Spanish;
A Proposed Framework for Evaluating the Academic-failure Prediction inDistance Learning;Takaki, Patricia and Dutra, Moises Lima and de Araujo, Gustavo and daSilva Junior, Eugenio Monteiro;MOBILE NETWORKS \& APPLICATIONS;2022;Web of Science (WoS);1958-1966;27;"Academic failure is a crucial problem that affects not only students but
also institutions and countries. Lack of success in the educational
process can lead to health and social disorders and economic losses.
Consequently, predicting in advance the occurrence of this event is a
good prevention and mitigation strategy. This work proposes a framework
to evaluate machine learning-based predictive models of academic
failure, to facilitate early pedagogical interventions. We took a
Brazilian undergraduate course in the distance learning modality as a
case study. We run seven classification models on normalized datasets,
which comprised grades for three weeks of classes for a total of six
weeks. Since it is an imbalanced-data context, adopting a single metric
to identify the best predictive model of student failure would not be
efficient. Therefore, the proposed framework considers 11 metrics
generated by the classifiers run and the application of exclusion and
ordering criteria to produce a list of best predictors. Finally, we
discussed and presented some possible applications for minimizing the
students' failure.";Article;10.1007/s11036-022-01965-z;;"Takaki, P (Corresponding Author), Fed Univ Santa Catarina UFSC, Postgrad Program Informat Sci PGCIn, Florianopolis, SC, Brazil.Takaki, P (Corresponding Author), Univ Estadual Montes Claros, Dept Comp Sci, Montes Claros, MG, Brazil.Takaki, Patricia; Dutra, Moises Lima; de Araujo, Gustavo; da Silva Junior, Eugenio Monteiro, Fed Univ Santa Catarina UFSC, Postgrad Program Informat Sci PGCIn, Florianopolis, SC, Brazil.Takaki, Patricia, Univ Estadual Montes Claros, Dept Comp Sci, Montes Claros, MG,";;"Machine learning; Educational data mining; Failure prediction; Distancelearning";SPRINGER;1383-469X;English;
Predictive Model to Identify College Students with High Dropout Rates;Osorio, Jhoan Keider Hoyos and Santacoloma, Genaro Daza;REVISTA ELECTRONICA DE INVESTIGACION EDUCATIVA;2023;Web of Science (WoS);;25;"Decreasing student attrition rates is one of the main objectives of most
higher education institutions. However, to achieve this goal,
universities need to accurately identify and focus their efforts on
students most likely to quit their studies before they graduate. This
has given rise to a need to implement forecasting models to predict
which students will eventually drop out. In this paper, we present an
early warning system to automatically identify first-semester students
at high risk of dropping out. The system is based on a machine learning
model trained from historical data on first-semester students. The
results show that the system can predict ``at-risk{''} students with a
sensitivity of 61.97\%, which allows early intervention for those
students, thereby reducing the student attrition rate.";Article;10.24320/redie.2023.25.e13.5398;;"Osorio, JKH (Corresponding Author), Univ Tecnol Pereira, Pereira, Colombia.Osorio, Jhoan Keider Hoyos; Santacoloma, Genaro Daza, Univ Tecnol Pereira, Pereira, Colombia.";;"dropping out; college students; forecasting; regression analysis";UNIV AUTONOMA BAJA CALIFORNIA, INST INVESTIGACION \& DESARROLLOEDUCATIVO;;English;
Influence of classroom motivational climate and teaching style onuniversity students' self-regulation and performance;Abello, Diana M. and Alonso-Tapia, Jesus and Panadero, Ernesto;REVISTA COMPLUTENSE DE EDUCACION;2022;Web of Science (WoS);399-412;33;"The teacher actions in classroom has important effects on students'
educational processes and performance, thus it is crucial to train
teachers so that they implement the most efficient instructional
strategies. This study explores the influence of the university
instructional environment, defined by the Teaching Styles and the
Classroom Motivational Climate, on the perception of motivational
changes, emotion, and motivation self-regulation, academic performance,
and how students' initial motivational orientations mediate this
influence. A total of 214 students from the faculty of Education of a
Colombian university participated in the study. Three predictive models
were analyzed. Results indicate, first, that motivational orientation
mediates the perception of the instructional environment: avoidance
orientation is associated with negative perception; second, both the
Classroom Motivational Climate and the Teaching Style favor learning
oriented motivation, learning-oriented emotion self-regulation style,
and the students' attribution of motivational changes to the teacher;
third, Classroom Motivational Climate seems to mitigate avoidance
oriented self-regulation style. Finally, the Teaching Style is the only
variable that positively and significantly predicts academic
performance.";Article;10.5209/rced.74455;;Abello, DM (Corresponding Author), Univ Pedag Nacl, Bogota, Colombia.Abello, Diana M., Univ Pedag Nacl, Bogota, Colombia.Alonso-Tapia, Jesus, Univ Aut6noma Madrid, Madrid, Spain.Panadero, Ernesto, Univ Deusto, Bilbao, Spain.Panadero, Ernesto, Ikerbasque, Basque Fdn Sci, Bilbao, Spain.;;"teaching style; classroom motivational climate; motivation; achievementgoal orientations; emotion self-regu-lation; motivation self-regulation";UNIV COMPLUTENSE MADRID, SERVICIO PUBLICACIONES;1130-2496;English;
Neural Network Model for Predicting Student Failure in the AcademicLeveling Course of Escuela Politecnica Nacional;Sandoval-Palis, Ivan and Naranjo, David and Gilar-Corbi, Raquel andPozo-Rico, Teresa;FRONTIERS IN PSYCHOLOGY;2020;Web of Science (WoS);;11;"The purpose of this study is to train an artificial neural network model
for predicting student failure in the academic leveling course of the
Escuela Politecnica Nacional of Ecuador, based on academic and
socioeconomic information. For this, 1308 higher education students
participated, 69.0\% of whom failed the academic leveling course;
besides, 93.7\% of the students self-identified as mestizo, 83.9\% came
from the province of Pichincha, and 92.4\% belonged to general
population. As a first approximation, a neural network model was trained
with twelve variables containing students' academic and socioeconomic
information. Then, a dimensionality reduction process was performed from
which a new neural network was modeled. This dimension reduced model was
trained with the variables application score, vulnerability index,
regime, gender, and population segment, which were the five variables
that explained more than 80\% of the first model. The classification
accuracy of the dimension reduced model was 0.745, while precision and
recall were 0.883 and 0.778, respectively. The area under ROC curve was
0.791. This model could be used as a guide to lead intervention policies
so that the failure rate in the academic leveling course would decrease.";Article;10.3389/fpsyg.2020.515531;;"Sandoval-Palis, I (Corresponding Author), Escuela Politec Nacl, Dept Formac Bas, Quito, Ecuador.Sandoval-Palis, Ivan; Naranjo, David, Escuela Politec Nacl, Dept Formac Bas, Quito, Ecuador.Gilar-Corbi, Raquel; Pozo-Rico, Teresa, Univ Alicante, Dept Dev Psychol \& Didact, Alicante, Spain.";;"neural network; predictive modeling; student success; academic levelingcourse; learning analytics; academic performance";FRONTIERS MEDIA SA;1664-1078;English;
Redefining profit metrics for boosting student retention in highereducation;Maldonado, Sebastian and Miranda, Jaime and Olaya, Diego and Vasquez,Jonathan and Verbeke, Wouter;DECISION SUPPORT SYSTEMS;2021;Web of Science (WoS);;143;"Student dropout is a major concern in higher education, as it leads to
direct economic losses and substantial social costs. Public and private
institutions spend considerable resources to prevent student dropout.
The efficiency and effectiveness of these investments, however, may be
improved by adopting a profit-driven perspective. In this paper, we
propose a novel approach for implementing student dropout prediction
using data-driven methods. Extending upon profit metrics as used in
business analytics, we design a novel performance measure for evaluating
predictive models that is tailored to the student dropout problem and
that quantifies the net savings of a retention campaign. This metric
supports the identification and selection of students to optimally
allocate the limited resources for preventing student dropout and to
maximize the resulting savings. Experiments were performed using data
from three bachelor?s programs of a higher education institution
containing information on dropouts and participation in a retention
program, i.e., tutorials. The proposed metric allows for a better choice
of prediction model and classification threshold than conventional
approaches and, as a result, yields tangible savings for the
institution. Finally, the presented approach and experimental results
highlight pathways to design tailored student retention programs.";Article;10.1016/j.dss.2021.113493;;"Olaya, D (Corresponding Author), Vrije Univ Brussel, Data Analyt Lab, Fac Social Sci, Pl Laan 2, B-1050 Brussels, Belgium.Olaya, D (Corresponding Author), Vrije Univ Brussel, Solvay Business Sch, Pl Laan 2, B-1050 Brussels, Belgium.Maldonado, Sebastian; Miranda, Jaime, Univ Chile, Dept Management Control \& Informat Syst, Sch Business \& Econ, Santiago, Chile.Maldonado, Sebastian, Inst Sistemas Complejos Ingn ISCI, Santiago, Chile.Olaya, Diego, Vrije Univ Brussel, Data Analyt Lab, Fac Social";;"Education; Profit metrics; Student dropout; Student retention; Analytics";ELSEVIER;0167-9236;English;
First year seminars: Their contribution to student persistence andretention;Laya, Marisol Silva and Melgar, Norma Nelida Resendiz;REVISTA DE PEDAGOGIA UNIVERSITARIA Y DIDACTICA DEL DERECHO;2023;Web of Science (WoS);;10;"The objective of this article is to analyze a set of evidence on the
effectiveness of first-year university seminars, based on documentary
research on their origin, characteristics, development and theoretical
models on which they are based. Useful knowledge is generated for higher
education institutions on how to accompany their student populations in
the transition process from high school to university, and facilitate
their incorporation into the university community and culture. It is
concluded that first-year seminars, as long as they meet certain
requirements, can contribute to student persistence and retention,
within a framework of social justice and equity from a Latin American
vision.";Article;10.5354/0719-5885.2023.71285;;"Laya, MS (Corresponding Author), Univ Iberoamericana Ciudad Mexico, Mexico City, Mexico.Laya, Marisol Silva; Melgar, Norma Nelida Resendiz, Univ Iberoamericana Ciudad Mexico, Mexico City, Mexico.";;"University students; access to education; dropping out; schoolintegration";UNIV CHILE, FAC DERECHO;0719-5885;English;
Uplift Modeling for preventing student dropout in higher education;Olaya, Diego and Vasquez, Jonathan and Maldonado, Sebastian and Miranda,Jaime and Verbeke, Wouter;DECISION SUPPORT SYSTEMS;2020;Web of Science (WoS);;134;"Uplift modeling is an approach for estimating the incremental effect of
an action or treatment at the individual level. It has gained attention
in the marketing and analytics communities due to its ability to
adequately model the effect of direct marketing actions via predictive
analytics. The main contribution of our study is the implementation of
the uplift modeling framework to maximize the effectiveness of retention
efforts in higher education institutions i.e., improvement of academic
performance by offering tutorials. The objective is to improve the
design of retention programs by tailoring them to students who are more
likely to be retained if targeted. Data from three different bachelor
programs from a Chilean university were collected. Students who
participated in the tutorials are considered the treatment group,
otherwise, they are assigned to the nontreatment group. Our results
demonstrate the virtues of uplift modeling in tailoring retention
efforts in higher education over conventional predictive modeling
approaches.";Article;10.1016/j.dss.2020.113320;;"Olaya, D (Corresponding Author), Vrije Univ Brussel, Fac Social Sci, Data Analyt Lab, Pl Laan 2, B-1050 Brussels, Belgium.Olaya, D (Corresponding Author), Vrije Univ Brussel, Solvay Business Sch, Pl Laan 2, B-1050 Brussels, Belgium.Olaya, Diego; Verbeke, Wouter, Vrije Univ Brussel, Fac Social Sci, Data Analyt Lab, Pl Laan 2, B-1050 Brussels, Belgium.Olaya, Diego; Verbeke, Wouter, Vrije Univ Brussel, Solvay Business Sch, Pl Laan 2, B-1050 Brussels, Belgium.Vasquez, Jonathan, Univ Valparaiso, ";;"Learning analytics; Uplift modeling; Student dropout; Educational datamining";ELSEVIER;0167-9236;English;
An explainable machine learning approach for student dropout prediction;Krueger, Joao Gabriel Correa and Britto Jr, Alceu de Souza and Barddal,Jean Paul;EXPERT SYSTEMS WITH APPLICATIONS;2023;Web of Science (WoS);;233;"School dropout is a relevant socio-economic problem across the globe.
Predictive models have been developed to determine the likelihood of
students dropping out of their studies precociously to overcome such a
problem. Academic systems, which gather data from many students, are
potential sources for datasets that feed dropout prediction algorithms,
thus leading to general improvements in education quality. Despite
successful past attempts to predict dropout, several works depict small
datasets with features that are hard to reproduce. Furthermore,
predicting whether a student will drop out is not enough to diagnose and
prevent the problem as it is also necessary to provide potential
justifications for the dropout. This paper proposes an approach for
creating and enriching a dataset for dropout prediction, which has been
applied for dropout prediction using data from 19 schools in Brazil.
With this dataset and using classifiers and model explaining techniques,
our experiments achieved Area Under the Precision-Recall Curve (AUC-PR)
scores of up to 89.5\%, Precision up to 95\%, Recall up to 93\%, and
Kolmogorov-Smirnov (KS) rates up to 97\% when predicting dropout at
different year moments. This study also shows differences when
predicting dropouts in different educational stages, such as preschool
and secondary education, with the former being more complex than the
latter. In addition to the high recognition rates, our proposal
identifies potential reasons for student dropout, which are relevant for
educational institutions to take preemptive actions.";Article;10.1016/j.eswa.2023.120933;;"Barddal, JP (Corresponding Author), Pontificia Univ Catol Parana PUCPR, Grad Program Informat PPGIa, Rua Imaculada Conceicao,1155, Curitiba, PR, Brazil.Krueger, Joao Gabriel Correa; Britto Jr, Alceu de Souza; Barddal, Jean Paul, Pontificia Univ Catol Parana PUCPR, Grad Program Informat PPGIa, Rua Imaculada Conceicao,1155, Curitiba, PR, Brazil.";;"Dropout prediction; Machine learning; Explainable model";PERGAMON-ELSEVIER SCIENCE LTD;0957-4174;English;
SOFT COMPUTING TECHNIQUES TO DETERMINE THE FACTORS THAT INFLUENCESTUDENT DROPOUT;Oviedo-Bayas, Byron and Espinoza-Astudillo, Joseph and Diaz-Macias,Efrain and Guanin-Fajardo, Jorge;REVISTA CONRADO;2024;Web of Science (WoS);449-465;20;"The study conducted at the Technical State University of Quevedo delved
into student dropout by examining academic, socioeconomic, and personal
data through Soft Computing techniques, utilizing 225 variables and
160,000 records. Algorithms such as Random Forest, Gradient Boosting,
and SVM were compared, with Random Forest standing out for its precision
in predicting critical factors influencing dropout. Among the
determining factors are the cut-off grade 2, the head of household's
occupation, and the student's age, identified as the most significant
for student performance. The findings of the study highlight the
complexity of student dropout, emphasizing that students at greater risk
of failing tend to have low mid-term grades, come from households with
unemployed heads or in unskilled jobs, and are in the age range of 40-45
years. On the other hand, student profiles with higher chances of
passing show opposite patterns in these variables. These results
underline the need for adopting comprehensive and personalized
approaches to address dropout, considering both academic factors and
socioeconomic and personal contexts.";Article;;;"Oviedo-Bayas, B (Corresponding Author), Univ Tecn Estatal Quevedo, Quevedo, Ecuador.Oviedo-Bayas, Byron; Espinoza-Astudillo, Joseph; Diaz-Macias, Efrain; Guanin-Fajardo, Jorge, Univ Tecn Estatal Quevedo, Quevedo, Ecuador.";;"Prediction; University Education; Artificial Neural Networks; PredictiveModels";UNIV CIENFUEGOS;1990-8644;Spanish;
Using the Belbin method and models for predicting the academicperformance of engineering students;Gutierrez, Luis and Flores, Victor and Keith, Brian and Quelopana, Aldo;COMPUTER APPLICATIONS IN ENGINEERING EDUCATION;2019;Web of Science (WoS);500-509;27;"This paper describes the process of generating a predictive model of
students' academic performance in different engineering subjects at
Universidad Catolica del Norte (UCN). It aims to analyze the importance
of variables influencing the final average grade of the UCN students in
projects related to different subjects, focusing on the dimensions
resulting from the Belbin test. The main objective of this work is to
provide evidence of the real impact of the Belbin test outcomes on the
final performance of a team of students, using as a metric of variable
importance the one provided by a Random Forest model, supplied by the
scikit-learn library. As a result, the final classifier presented an
accuracy of 80\%, and one of the most influential variables according to
this model was Covered Roles 2, which represents the number of roles
covered in each group. Future research lines are proposed to validate
these outcomes, mostly concerned with the acquisition of more data
across several future semesters.";Article;10.1002/cae.22092;;"Flores, V (Corresponding Author), Univ Catolica Norte, Dept Comp \& Syst Engn, 0610 Angamos Av, Antofagasta, Chile.Gutierrez, Luis; Flores, Victor; Keith, Brian; Quelopana, Aldo, Univ Catolica Norte, Dept Comp \& Syst Engn, 0610 Angamos Av, Antofagasta, Chile.";;"active methodologies; belbin questionnaire; random forest; variableimportance";WILEY;1061-3773;English;
Analysis of factors affecting the academic performance of universitystudents using machine learning;Marin, Yuri Reina and Huatangari, Lenin Quinones and Tuesta, JudithNathaly Alva and Caro, Omer Cruz and Guevara, Jorge Luis Maicelo andBardales, Einstein Sanchez and Santos, River Chavez;SCIENTIFIC REPORTS;2025;Web of Science (WoS);;15;"Understanding the determinants of university students' academic
performance has become a strategic priority for higher education
institutions, especially in contexts marked by social, economic, and
academic diversity. However, performance assessment remains a challenge
due to the complexity of the educational process and the nonlinear
nature of learning behaviors. A machine learning-based prediction model
was developed using primary data from 386 university students. The
performance of nine educational data mining (EDM) algorithms, including
XGBoost, Random Forest, artificial neural networks (ANNs), Support
Vector Machines, Decision Trees, Naive Bayes, Logistic Regression,
AdaBoost, and K-Nearest Neighbors (KNN), was evaluated using
demographic, socioeconomic, academic, social and family, health and
wellness, infrastructure and services, and time management and
extracurricular activity factors. The results reveal that machine
learning is an effective tool for representing nonlinear relationships
between academic performance and its determinants, allowing for accurate
prediction of academic outcomes and explaining the individual
contribution of each variable through sensitivity and interpretability
analyses. Despite differences in their predictive accuracy, all
algorithms effectively modeled educational dynamics. In particular,
those models that integrate multiple student dimensions demonstrated
better generalization capabilities. It is concluded that, to achieve an
accurate assessment of academic performance in diverse university
environments, it is essential to consider influencing factors in machine
learning-based predictive models.";Article;10.1038/s41598-025-28870-1;;"Caro, OC (Corresponding Author), Univ Nacl Toribio Rodriguez Mendoza Amazonas, Oficina Gest Calidad, Chachapoyas, Peru.Marin, Yuri Reina; Tuesta, Judith Nathaly Alva; Caro, Omer Cruz; Bardales, Einstein Sanchez, Univ Nacl Toribio Rodriguez Mendoza Amazonas, Oficina Gest Calidad, Chachapoyas, Peru.Huatangari, Lenin Quinones, Univ Nacl Toribio Rodriguez Mendoza Amazonas, Fac Ingn Zootecnista Biotecnol Agronegocios \& Cien, Inst Invest Estudios Estadisticos \& Control Calida, Chachapoyas, Peru.G";;"Academic performance; Machine learning; Educational data mining;Predictive factors; Classification models";NATURE PORTFOLIO;2045-2322;English;
A PREDICTIVE MODEL OF ACADEMIC FAILURE/SUCCESS FROM ENTRY INDICATORS, INSTUDENTS OF A STATE UNIVERSITY OF NORTHERN CHILE;Ferrer-Urbina, Rodrigo and Karmelic-Pavlov, Vesna and Beck-Fernandez,Hector and Valdivia-Pinto, Ricardo;INTERCIENCIA;2019;Web of Science (WoS);23-29;44;"Extensive evidence supports the social and economic benefits generated
at the individual and social levels by the academic success in higher
education, as well as the costs of academic failure for people and their
impact on countries' growth and development. Therefore, it is essential
to have models that allow early identification of potential risk
profiles to develop focused prevention. The objective of this study was
to develop an empirical proposal for the prediction of academic
failure/success in university students, based on early entry indicators,
academic and sociodemographic, considering the mediating effect of the
first year approval rate. An expost-facto correlation study was
conducted, with the cohorts enrolled in the first year between the years
2001 and 2016 in a state university in northern Chile. The final sample
was made up of 4012 graduates and 3393 students who defected or Jailed
their undergraduate programs. Route analyzes were performed, estimating
direct and indirect effects, differentiated by fields of study. Although
each area of knowledge presented differential behaviors in the generated
models, the results show that the predictors of entry were better
proximal predictors (i.e., approval rates in the first year) than distal
ones (failure/success). Although the best predictor of failure/success
corresponds to the first year approval rate, the grades obtained in
middle school turned out to be the best transversal predictor of
performance at the lime of entry, except in the engineering area.";Article;;;Ferrer-Urbina, R (Corresponding Author), Univ Tarapaca, Psicol Social, Arica, Chile.Ferrer-Urbina, R (Corresponding Author), Univ Tarapaci, Escuela Psicol \& Filosofia, Avda 18 Septiembre 2222, Arica, Chile.Ferrer-Urbina, Rodrigo, Univ Tarapaca, Psicol Social, Arica, Chile.Ferrer-Urbina, Rodrigo, Univ Tarapaci, Escuela Psicol \& Filosofia, Avda 18 Septiembre 2222, Arica, Chile.Karmelic-Pavlov, Vesna, Pontificia Univ Catel Chile PUC, Psicol, Santiago, Chile.Karmelic-Pavlov, Vesna, Univ Tarap;;;INTERCIENCIA;0378-1844;Spanish;
Learning Analytics and Student Retention: A Longitudinal Study inVirtual Higher Education;Alamo, Ester Martin Caro and Segovia-Garcia, Nuria;REVISTA FUENTES;2025;Web of Science (WoS);314-325;27;"Learning analytics (LA) has emerged as an effective tool to address
challenges such as student retention and academic performance in virtual
higher education programs. This study aims to analyze the relationship
between participation patterns in digital academic activities and the
academic performance of online postgraduate students, as well as their
connection to student persistence. Three key dimensions are examined:
participation trends and clusters over time; the factors that predict
academic performance and retention; and the potential of predictive
models to personalize pedagogical strategies. A quantitative,
longitudinal, and exploratory design was employed, using a sample of 393
students enrolled at a Colombian university in 2024. Data was collected
from institutional systems and analyzed through mixed linear models,
machine learning algorithms, and time series analysis. The academic
activities evaluated included application projects, practical cases,
exams, discussion forums, and overall participation. Results indicate
that practical activities, such as application projects and case
studies, yield the highest levels of engagement and have a significant
impact on academic performance. In contrast, forums and exams show lower
levels of interaction. The clustering analysis identified three distinct
student groups based on participation patterns, enabling more
personalized pedagogical strategies. The findings suggest that LA
provides a solid foundation for designing targeted interventions aimed
at improving student retention and optimizing academic performance in
virtual higher education. This approach reinforces the value of
data-driven educational personalization.";Article;10.12795/revistafuentes.2025.27592;;Alamo, EMC (Corresponding Author), Inst Europeo Posgrad, Madrid, Spain.Alamo, Ester Martin Caro, Inst Europeo Posgrad, Madrid, Spain.Segovia-Garcia, Nuria, Corp Univ Asturias, Bogota, Colombia.;;"Higher education; Learning analytics; student assessment; Distanceeducation; Student engagement; Academic performance metrics; Educationaltechnology; Student dropout";UNIV SEVILLA, FAC CIENCIAS EDUCACION;2172-7775;Spanish;
Learning Analytics to Determine Profile Dimensions of StudentsAssociated with Their Academic Performance;Gonzalez-Nucamendi, Andres and Noguez, Julieta and Neri, Luis andRobledo-Rella, Victor and Guadalupe Garcia-Castelan, Rosa Maria andEscobar-Castillejos, David;APPLIED SCIENCES-BASEL;2022;Web of Science (WoS);;12;"With the recent advancements of learning analytics techniques, it is
possible to build predictive models of student academic performance at
an early stage of a course, using student's self-regulation learning and
affective strategies (SRLAS), and their multiple intelligences (MI).
This process can be conducted to determine the most important factors
that lead to good academic performance. A quasi-experimental study on
618 undergraduate students was performed to determine student profiles
based on these two constructs: MI and SRLAS. After calibrating the
students' profiles, learning analytics techniques were used to study the
relationships among the dimensions defined by these constructs and
student academic performance using principal component analysis,
clustering patterns, and regression and correlation analyses. The
results indicate that the logical-mathematical intelligence, intrinsic
motivation, and self-regulation have a positive impact on academic
performance. In contrast, anxiety and dependence on external motivation
have a negative effect on academic performance. A priori knowledge of
the characteristics of a student sample and its likely behavior
predicted by the models may provide both students and teachers with an
early-awareness alert that can help the teachers in designing enhanced
proactive and strategic decisions aimed to improve academic performance
and reduce dropout rates. From the student side, knowledge about their
main academic profile will sharpen their metacognition, which may
improve their academic performance.";Article;10.3390/app122010560;;"Noguez, J (Corresponding Author), Tecnol Monterrey, Sch Engn \& Sci, Ave Eugenio Garza Sada 2501, Monterrey 64849, Mexico.Gonzalez-Nucamendi, Andres; Noguez, Julieta; Neri, Luis; Robledo-Rella, Victor; Guadalupe Garcia-Castelan, Rosa Maria, Tecnol Monterrey, Sch Engn \& Sci, Ave Eugenio Garza Sada 2501, Monterrey 64849, Mexico.Escobar-Castillejos, David, Univ Panamer, Fac Ingn, Augusto Rodin 498, Mexico City 03920, DF, Mexico.";;"educational innovation; higher education; academic performance; multipleintelligence; self-regulation skills; affective strategies";MDPI;;English;
PREDICTING STUDENT RETENTION IN A MEDICAL SCIENCES DISCIPLINE;Lescano, Luis Rafael Freire and Torres, Edwin Fabricio Lozada and Pico,Maria Angelica Pico and Vergara, Alexandra del Rocio Laguapillo;REVISTA CONRADO;2025;Web of Science (WoS);;21;"This research analyzed the factors that influence student retention in a
medical science discipline, using the Hierarchical Analysis Process as
the main methodological tool. This approach allowed for the hierarchical
and weighting of multiple relevant criteria, identified from an
exhaustive review of the literature and consultations with experts in
the educational field. The data were collected through surveys applied
to students and teachers, complemented by institutional statistics
related to academic permanence. The objective of the study was to
develop a predictive model that would identify the key factors for
student retention, providing tools for strategic decision- making in the
design of educational policies. Among the main findings, it was
highlighted that academic and psychological support, together with
curricular flexibility, were the factors with the greatest weight in
student retention. Likewise, significant barriers were identified, such
as excessive academic workload and lack of social integration in the
university environment. The conclusions pointed out the importance of
implementing personalized support and guidance programs, as well as
adjusting the curricular load to improve the student experience.
Furthermore, the application of the developed model in other disciplines
was recommended to validate its usefulness and replicability. This study
provides an innovative approach by combining multi-criteria
decision-making techniques with the analysis of educational factors,
offering a systematic and objective perspective to address the problem
of student dropout in medical sciences.";Article;;;"Lescano, LRF (Corresponding Author), Univ Reg Autonoma Los Andes, Ambato, Ecuador.Lescano, Luis Rafael Freire; Torres, Edwin Fabricio Lozada; Pico, Maria Angelica Pico; Vergara, Alexandra del Rocio Laguapillo, Univ Reg Autonoma Los Andes, Ambato, Ecuador.";;"Publicaci \& oacute;n continua; Student Retention; Educational Policies;Academic Load; Academic Support; Curricular Flexibility; SocialIntegration";UNIV CIENFUEGOS;1990-8644;English;
Predictive analytics study to determine undergraduate students at riskof dropout;Gonzalez-Nucamendi, Andres and Noguez, Julieta and Neri, Luis andRobledo-Rella, Victor and Garcia-Castelan, Rosa Maria Guadalupe;FRONTIERS IN EDUCATION;2023;Web of Science (WoS);;8;"In this this work, a study is presented with quantitative variables
using machine learning tools to detect undergraduate students at risk of
dropping out and the factors associated with this behavior. Clustering
algorithms and classification methods were tested to determine the
predictive power of several variables regarding the dropout phenomenon
on an unbalanced database of 14,495 undergraduate students with a real
dropout rate of 8.5\% and a retention rate of 91.5\%. The usual
classification criterion that assigns individuals to a class if their
probability of belonging to it is greater than 50\% provided accuracies
of 13.2\% in the dropout prediction and 99.4\% in the retention
prediction. Among eight classifiers, Random Forest was selected and
applied along with Threshold Probability, which allowed us to gradually
increase the dropout precision to more than 50\%, while maintaining
retention and global precisions above 70\%. Through this study, it was
found that the main variables associated with student dropouts were
their academic performance during the early weeks of the first semester,
their average grade in the previous academic levels, the previous
mathematics score, and the entrance exam score. Other important
variables were the number of class hours being taken, student age,
funding status of scholarships, English level, and the number of dropped
subjects in the early weeks. Given the trade-off between dropout and
retention precisions, our results can guide educational institutions to
focus on the most appropriate academic support strategies to help
students at real risk of dropping out.";Article;10.3389/feduc.2023.1244686;;"Noguez, J (Corresponding Author), Tecnol Monterrey, Sch Engn \& Sci, Monterrey, Mexico.Gonzalez-Nucamendi, Andres; Noguez, Julieta; Neri, Luis; Robledo-Rella, Victor; Garcia-Castelan, Rosa Maria Guadalupe, Tecnol Monterrey, Sch Engn \& Sci, Monterrey, Mexico.";;"student dropout; learning analytics; predictive models; highereducation; educational innovation; threshold probabilities; ArtificialIntelligence";FRONTIERS MEDIA SA;;English;
Academic Achievement and Failure in University Studies: Motivational andEmotional Factors;Gilar-Corbi, Raquel and Pozo-Rico, Teresa and Castejon, Juan-Luis andSanchez, Tarquino and Sandoval-Palis, Ivan and Vidal, Jack;SUSTAINABILITY;2020;Web of Science (WoS);;12;"Universities are committed to offering quality education; however, a
high rate of academic failure is often observed in the first year of
studies. Considering the impact that motivation and emotional aspects
can have on students' commitment to study and therefore on their
academic performance, achievement, and well-being, this study aims to
identify the factors associated with academic success or failure in 1071
students entering the National Polytechnic School (Quito, Ecuador). The
data were compiled from the existing computer records of the university
with the permission of the responsible administrative staff. A
predictive model has been used and a binary logistic regression analysis
was carried out through the step-forward regression procedure based on
the Wald statistic to analyze the predictive capacity of the variables
related to emotional intelligence, motivational and self- regulated
socio-cognitive skills, goal orientation, and prior academic achievement
(measured by university entrance marks and through a knowledge test
carried out at the beginning of the university academic year). To
determine the cut-off point for the best discriminatory power of each of
the variables, a Receiver Operating Characteristics (ROC) curve analysis
has been used. The results indicate that the variables that are
significant in the prediction of academic success or failure are the two
academic performance measures: the emotional attention variable, and the
performance-approach goals and the motivational self-efficacy variable.
Additionally, the highest predictive power is displayed by the prior
academic performance measure obtained through the knowledge test
conducted at the beginning of the university course.";Article;10.3390/su12239798;;"Gilar-Corbi, R (Corresponding Author), Univ Alicante, Dept Dev Psychol \& Didact, Alicante 03080, Spain.Gilar-Corbi, Raquel; Pozo-Rico, Teresa; Castejon, Juan-Luis; Vidal, Jack, Univ Alicante, Dept Dev Psychol \& Didact, Alicante 03080, Spain.Sanchez, Tarquino, Escuela Politec Nacl, Dept Elect Telecommun \& Informat Networks, Quito 17012759, Ecuador.Sandoval-Palis, Ivan, Escuela Politec Nacl, Basic Training Dept, Quito 17012759, Ecuador.";;"academic motivation; self-efficacy; academic failure; emotionalintelligence; academic achievement; higher education";MDPI;;English;
Predicting Academic Performance using a Multiclassification Model: CaseStudy;Vergaray, Alfredo Daza and Guerra, Carlos and Cervera, Noemi and Burgos,Erwin;INTERNATIONAL JOURNAL OF ADVANCED COMPUTER SCIENCE AND APPLICATIONS;2022;Web of Science (WoS);881-889;13;"predicting the academic performance of students is increasingly
possible, thanks to the constant use of computer systems that store a
large amount of student information. Machine learning uses this
information to achieve big goals, such as predicting whether or not a
student will pass a course. The main purpose of the work was to make a
multiclassifier model that exceeds the results obtained from the machine
learning models used independently. For the development of our proposed
predictive model, the methodology was used, which consists of several
phases. For the first step, 557 records with 25 characteristics related
to academic performance were selected, then the preprocessing was
applied to said data set, eliminating the attributes with the lowest
correlation and those records with inconsistencies, leaving 500 records
and 9 attributes. For the transformation, it was necessary to convert
categorical to numerical data of four attributes, being the following:
SEX, ESTATUS\_lab\_padre, ESTATUS\_lab\_madre and CONDITION. Having the
data set clean, we proceeded to balance the data, where 1,167 data were
generated, using the 2/3 for training and the remaining 1/3 for
validation, then the following techniques were applied: Extra Tree,
Random Forest, Decision Tree, Ada Boost and XGBoost, each obtained an
accuracy of 57.41\%, 61.96\%, 91.44\%, 59.65\% and 83.3\% respectively.
Then the proposed model was applied, combining the five algorithms
mentioned above, which reached an accuracy of 92.86\%, concluding that
the proposed model provides better accuracy than when the models are
used independently meaning that it was the one that obtained the best
result.";Article;;;"Vergaray, AD (Corresponding Author), Univ Nacl Santa, Sch Syst \& Comp Engn, Ancash, Peru.Vergaray, Alfredo Daza; Guerra, Carlos; Cervera, Noemi; Burgos, Erwin, Univ Nacl Santa, Sch Syst \& Comp Engn, Ancash, Peru.";;"-Learning machine; prediction; academic performance; hybrid model;classification techniques; multiclassification; python";SCIENCE \& INFORMATION SAI ORGANIZATION LTD;2158-107X;English;
Application of Time Series Models in the Characterization of Dropout atthe University of Cartagena, Colombia;Chanchi-Golondrino, Gabriel Elias and Ospina-Alarcon, Manuel Alejandroand Moya-Villa, Yasmin;INTERNATIONAL JOURNAL OF COMBINATORIAL OPTIMIZATION PROBLEMS ANDINFORMATICS;2025;Web of Science (WoS);71-83;16;"One of the key factors affecting educational quality in Higher Education
Institutions is student dropout. A high dropout rate can indicate
student dissatisfaction with the relevance and quality of the education
they are receiving. Therefore, a pressing challenge for these
institutions is to characterize the dropout rates of academic programs,
as well as overall dropout rates, with the aim of identifying trends or
potential future variations that could support strategic decision-making
to mitigate student dropout. In this regard, it has been generally
observed that predictive models have predominantly employed machine
learning techniques to predict whether a student will drop out based on
social, economic, academic, and demographic variables, without focusing
on characterizing percentage variations or future dropout trends. Thus,
this article proposes an ARIMA-based time series model as a contribution
to the characterization of historical dropout rates at the University of
Cartagena, Colombia, from 1998 to 2022, with the goal of forecasting
dropout rates for future years. This study was developed through four
methodological phases: P1. Creation of training and testing datasets,
P2. Identification of the model parameters p, q, and d, P3. Adjustment
of potential models, P4. assessment of the ARIMA model and P5.
Forecasting future dropout rates. The results showed that the ARIMA
model (p=1, d=2, q=0) provided the best fit, enabling predictions to be
made up to the second semester of 2028. A key conclusion of the study is
that the dropout rate at the University of Cartagena over the next four
years is expected to hover around 6\%, meaning that for every 100
students entering the university, approximately 6 will drop out.";Article;10.61467/2007.1558.2025.v16i2.1075;;"Chanchí-Golondrino, GE (Corresponding Author), Univ Cartagena, Fac Ingn, Programa Ingn Sistemas, Cartagena De Indias, Colombia.Chanchí-Golondrino, GE (Corresponding Author), Fdn Univ Popayan, Grp Invest LOGICIEL, Popayan, Colombia.Chanchi-Golondrino, Gabriel Elias; Ospina-Alarcon, Manuel Alejandro; Moya-Villa, Yasmin, Univ Cartagena, Fac Ingn, Programa Ingn Sistemas, Cartagena De Indias, Colombia.Chanchi-Golondrino, Gabriel Elias, Fdn Univ Popayan, Grp Invest LOGICIEL, Popayan, Colombia.";;"ARIMA; student dropout; autoregressive models; time series; dropout rate";INT JOURNAL COMBINATORIAL OPTIMIZATION PROBLEMS \& INFORMATICS;2007-1558;English;
Student dropout from a General Mathematics Course: Identification ofRelevant Predictive Variables;Zamora-Araya, Jose Andrey and Moreira-Mora, Tania Elena;REVISTA EDUCACION;2025;Web of Science (WoS);;49;"The aim of this study was to determine the most important variables for
predicting student dropout from the General Mathematics course (MAT001)
of the Universidad Nacional de Costa Rica (UNA), considering the types
of students and the time at which dropout takes place. Six predictive
models were constructed (two student groups at three different times)
and three supervised learning algorithms were implemented in each model:
Logistic Regression (LR), Random Forest (RF) and XGBoost (XGB). The
total sample was split into training files containing data on students
who enrolled in the course during the years 2017 and 2018, and test
files with data corresponding to students who enrolled in the year 2019.
Once the hyperparameters were fitted (10-fold validation), the main
variables associated with student dropout (SD) in the General
Mathematics course of each model were identified based on the Gini
importance measure; performance of the algorithms ranged from F1-Scores
of 0.6251 to 0.7300. In addition, the predictive power of the algorithms
in each model were compared by means of a repeated-measures ANOVA with
10-fold cross-validation, and no significant differences were found
between the three algorithms in any of the proposed models. The main
variables associated with student dropout (SD) were academic, such as
grades on the academic attitude test (AAT), high school education
grades, and grades on MAT001 tests, student attributes as sex and age at
enrollment, economic factors such as scholarships and the Social
Development Index (SDI), and institutional factors such as high school
educational opportunities that students were exposed to, and the ages
and specializations of the teaching staff. Based on the results of this
analysis, it is recommended that teachers specialized in Educational
Mathematics be assigned to teach initial courses, and to propose designs
for decision making about actions that increase permanence.";Article;10.15517/revedu.v49i1.61275;;Zamora-Araya, JA (Corresponding Author), Univ Nacl Heredia, Heredia, Costa Rica.Zamora-Araya, Jose Andrey, Univ Nacl Heredia, Heredia, Costa Rica.Moreira-Mora, Tania Elena, Inst Tecnol Costa Rica, Cartago, Costa Rica.;;"Higher Education; Student Dropout; Student Performance; StatisticalData; Statistical Methodology; Mathematics";UNIV COSTA RICA, EDITORIAL;0379-7082;Spanish;
Is it possible to predict academic performance? An analysis fromeducational technology;Estrada Molina, Odiel and Fuentes Cancel, Dieter Reynaldo;REVISTA FUENTES;2021;Web of Science (WoS);363-375;23;"Predicting academic performance is a key element in education, allowing
teachers to design preventive didactic actions. Various computational
disciplines are involved in this predictive process, with learning
analytics, machine learning, educational data mining, artificial neural
networks, and fuzzy theories being the most frequently used. A
systematic review of the scientific literature (2010-March 2020) indexed
in Scopus, IEEE Xplore, ACM Digital Library and Springer is presented,
with the aim of evaluating how academic performance prediction has
behaved in two scenarios: (1) studies online (online) and blended; and
(2) technological support for the face-to-face modality. The article
concludes with the determination of the trends between the disciplines
of educational technologies and the variables of academic performance.";Article;10.12795/revistafuentes.2021.14278;;"Molina, OE (Corresponding Author), Univ Ciencias Informat, Havana, Cuba.Estrada Molina, Odiel; Fuentes Cancel, Dieter Reynaldo, Univ Ciencias Informat, Havana, Cuba.";;"Academic achievement; education; educational technology; educationalcomputing; educational evaluation; higher education; learning;literature reviews";UNIV SEVILLA, FAC CIENCIAS EDUCACION;2172-7775;Spanish;
Student dropout prediction through machine learning optimization:insights from moodle log data;Marcolino, Markson Rebelo and Porto, Thiago Reis and Primo, TiagoThompsen and Targino, Rafael and Ramos, Vinicius and Queiroga, EmanuelMarques and Munoz, Roberto and Cechinel, Cristian;SCIENTIFIC REPORTS;2025;Web of Science (WoS);;15;"Student attrition and academic failure remain pervasive challenges in
education, often occurring at substantial rates and posing considerable
difficulties for timely identification and intervention. Learning
management systems such as Moodle generate extensive datasets reflecting
student interactions and enrollment patterns, presenting opportunities
for predictive analytics. This study seeks to advance the field of
dropout and failure prediction through the application of artificial
intelligence with machine learning methodologies. In particular, we
employed the CatBoost algorithm, trained on student activity logs from
the Moodle platform. To mitigate the challenges posed by a limited and
imbalanced dataset, we employed sophisticated data balancing techniques,
such as Adaptive Synthetic Sampling, and conducted multi-objective
hyperparameter optimization using the Non-dominated Sorting Genetic
Algorithm II. We compared models trained on weekly log data against a
single model trained on all weeks' data. The proposed model trained with
all weeks' data demonstrated superior performance, showing significant
improvements in F1-scores and recall, particularly for the minority
class of at-risk students. For example, the model got an average
F1-score across multiple weeks of approximately 0.8 in the holdout test.
These findings underscore the potential of targeted machine learning
approaches to facilitate early identification of at-risk students,
thereby enabling timely interventions and improving educational
outcomes.";Article;10.1038/s41598-025-93918-1;;"Marcolino, MR; Cechinel, C (Corresponding Author), Univ Fed Santa Catarina UFSC, Ctr Ciencias Tecnol \& Saude, Jardim Ave, BR-88906072 Ararangua, SC, Brazil.Porto, TR; Cechinel, C (Corresponding Author), Univ Fed Pelotas UFPEL, Ctr Desenvolvimento Tecnol CDTec, BR-96010900 Pelotas, RS, Brazil.Marcolino, Markson Rebelo; Targino, Rafael; Cechinel, Cristian, Univ Fed Santa Catarina UFSC, Ctr Ciencias Tecnol \& Saude, Jardim Ave, BR-88906072 Ararangua, SC, Brazil.Porto, Thiago Reis; Primo, Tiago ";;"Student dropout prediction; Machine learning in education; NSGA-II;CatBoost; Moodle logs";NATURE PORTFOLIO;2045-2322;English;
Student Dataset from Tecnologico de Monterrey in Mexico to PredictDropout in Higher Education;Alvarado-Uribe, Joanna and Mejia-Almada, Paola and Masetto Herrera, AnaLuisa and Molontay, Roland and Hilliger, Isabel and Hegde, Vinayak andMontemayor Gallegos, Jose Enrique and Ramirez Diaz, Renato Armando andCeballos, Hector G.;DATA;2022;Web of Science (WoS);;7;"High dropout rates and delayed completion in higher education are
associated with considerable personal and social costs. In Latin
America, 50\% of students drop out, and only 50\% of the remaining ones
graduate on time. Therefore, there is an urgent need to identify
students at risk and understand the main factors of dropping out.
Together with the emergence of efficient computational methods, the rich
data accumulated in educational administrative systems have opened novel
approaches to promote student persistence. In order to support research
related to preventing student dropout, a dataset has been gathered and
curated from Tecnologico de Monterrey students, consisting of 50
variables and 143,326 records. The dataset contains non-identifiable
information of 121,584 High School and Undergraduate students belonging
to the seven admission cohorts from August-December 2014 to 2020,
covering two educational models. The variables included in this dataset
consider factors mentioned in the literature, such as sociodemographic
and academic information related to the student, as well as
institution-specific variables, such as student life. This dataset
provides researchers with the opportunity to test different types of
models for dropout prediction, so as to inform timely interventions to
support at-risk students.";"Article; Data Paper";10.3390/data7090119;;"Alvarado-Uribe, J (Corresponding Author), Tecnol Monterrey, Inst Future Educ, Monterrey 64849, Mexico.Alvarado-Uribe, J (Corresponding Author), Tecnol Monterrey, Sch Engn \& Sci, Monterrey 64849, Mexico.Alvarado-Uribe, Joanna; Mejia-Almada, Paola; Ceballos, Hector G., Tecnol Monterrey, Inst Future Educ, Monterrey 64849, Mexico.Alvarado-Uribe, Joanna; Ceballos, Hector G., Tecnol Monterrey, Sch Engn \& Sci, Monterrey 64849, Mexico.Masetto Herrera, Ana Luisa; Montemayor Gallegos, Jose Enrique; ";;"dropout prediction; student attrition; machine learning; educationaldata mining; learning analytics; educational innovation; highereducation";MDPI;;English;
Toward Educational Sustainability: An AI System for Identifying andPreventing Student Dropout;Brand, C. Erika J. and Ramirez, V. Gabriel M. and Diaz, Jaime andMoreira, Fernando;IEEE REVISTA IBEROAMERICANA DE TECNOLOGIAS DEL APRENDIZAJE-IEEE RITA;2024;Web of Science (WoS);100-110;19;"The design and development of a web application to identify a high or
low probability of student dropout at the National Learning Service
(SENA) in Colombia, aiming to streamline the process of identifying and
supporting potential candidates for assistance provided by the
institution through the student welfare department. Throughout the
development, socioeconomic variables with the highest impact on
characterized academic dropout processes to create a dataset. This
dataset was then utilized with various artificial intelligence
techniques explored in Machine Learning (Decision Trees, K-means, and
Regression), ultimately determining the most effective algorithm for
integration into the Software. The decision tree classification
technique emerged as the most effective, achieving an impressive
accuracy of 91\% and a minimal error rate of 9\%, substantiating its
state-of-the-art standing. As a result, this Software has optimized
processes within the Student Welfare Department at SENA and is adaptable
for use in any higher education institution.";Article;10.1109/RITA.2024.3381850;;Ramírez, VGM (Corresponding Author), Univ Medellin, Fac Ingn, Medellin 050010, Colombia.Moreira, F (Corresponding Author), Univ Aveiro, IEETA, P-3810193 Aveiro, Portugal.Brand, C. Erika J., Serv Nacl Aprendizaje SENA, Bogota 111051, Colombia.Ramirez, V. Gabriel M., Univ Medellin, Fac Ingn, Medellin 050010, Colombia.Diaz, Jaime, Univ La Frontera, Dept Ciencias Comp \& Informat, Temuco 1145, Chile.Moreira, Fernando, Univ Portucalense, REMIT, IJP, P-4200072 Porto, Portugal.Moreira, Fernando, ;;"Education; Training; Decision trees; Classification algorithms;Prediction algorithms; Biological system modeling; Data mining;Artificial intelligence; machine learning school dropout; highereducation; Colombia";IEEE-INST ELECTRICAL ELECTRONICS ENGINEERS INC;;English;
Predicting Academic Success of College Students Using Machine LearningTechniques;Guanin-Fajardo, Jorge Humberto and Guana-Moya, Javier and Casillas,Jorge;DATA;2024;Web of Science (WoS);;9;"College context and academic performance are important determinants of
academic success; using students' prior experience with machine learning
techniques to predict academic success before the end of the first year
reinforces college self-efficacy. Dropout prediction is related to
student retention and has been studied extensively in recent work;
however, there is little literature on predicting academic success using
educational machine learning. For this reason, CRISP-DM methodology was
applied to extract relevant knowledge and features from the data. The
dataset examined consists of 6690 records and 21 variables with academic
and socioeconomic information. Preprocessing techniques and
classification algorithms were analyzed. The area under the curve was
used to measure the effectiveness of the algorithm; XGBoost had an AUC =
87.75\% and correctly classified eight out of ten cases, while the
decision tree improved interpretation with ten rules in seven out of ten
cases. Recognizing the gaps in the study and that on-time completion of
college consolidates college self-efficacy, creating intervention and
support strategies to retain students is a priority for decision makers.
Assessing the fairness and discrimination of the algorithms was the main
limitation of this work. In the future, we intend to apply the extracted
knowledge and learn about its influence of on university management.";Article;10.3390/data9040060;;Guaña-Moya, J (Corresponding Author), Pontificia Univ Catolica Ecuador, Fac Ingn, Quito 170525, Ecuador.Guanin-Fajardo, Jorge Humberto, Univ Tecn Estatal Quevedo, Fac Ciencias Ingn, Quevedo 120508, Ecuador.Guana-Moya, Javier, Pontificia Univ Catolica Ecuador, Fac Ingn, Quito 170525, Ecuador.Casillas, Jorge, Univ Granada, Dept Comp Sci \& Artificial Intelligence, Granada 18071, Spain.;;"educational data mining; machine learning; educational analysis; highereducation; academic success";MDPI;;English;
Improving Student Retention in Institutions of Higher Education throughMachine Learning: A Sustainable Approach;Villegas-Ch, William and Govea, Jaime and Revelo-Tapia, Solange;SUSTAINABILITY;2023;Web of Science (WoS);;15;"Effective student retention in higher education represents a critical
challenge to institutional stability and educational quality. This study
addresses this challenge by integrating machine learning and artificial
intelligence techniques in the context of sustainability education. To
achieve this, data are collected from a representative cohort of
students undergoing extensive cleaning and pre-processing. Additionally,
a pre-trained neural network model is implemented, adjusting key
parameters. The model evaluation was based on relevant metrics and error
analysis, demonstrating that integrating machine learning and artificial
intelligence allows early identification of at-risk students and the
provision of personalized interventions. This study addresses
contemporary student retention challenges in three critical areas: the
transition to online education, student mental health and well-being,
and equity and diversity in access to higher education. These challenges
are addressed through specific strategies based on data analysis and
machine learning, thus contributing to overcoming them in the context of
higher education. Additionally, this study prioritizes ethical concerns
when applying these technologies, ensuring integrity and equity in
decision-making related to student retention. Together, this work
presents an innovative approach that uses machine learning and
artificial intelligence to improve student retention within the
framework of educational sustainability, highlighting its transformative
potential in higher education.";Article;10.3390/su151914512;;"Villegas-Ch, W (Corresponding Author), Univ Amer, Escuela Ingn Cibersegur, Fac Ingn \& Ciencias Aplicadas, Quito 170125, Ecuador.Villegas-Ch, William; Govea, Jaime, Univ Amer, Escuela Ingn Cibersegur, Fac Ingn \& Ciencias Aplicadas, Quito 170125, Ecuador.Revelo-Tapia, Solange, Colegio San Gabriel, Dept Educ Basica, Quito 170521, Ecuador.";;"student retention; machine learning; sustainability";MDPI;;English;
A Learning Analytics Approach to Identify Students at Risk of Dropout: ACase Study with a Technical Distance Education Course;Queiroga, Emanuel Marques and Lopes, Joao Ladislau and Kappel, Kristoferand Aguiar, Marilton and Araujo, Ricardo Matsumura and Munoz, Robertoand Villarroel, Rodolfo and Cechinel, Cristian;APPLIED SCIENCES-BASEL;2020;Web of Science (WoS);;10;"Contemporary education is a vast field that is concerned with the
performance of education systems. In a formal e-learning context,
student dropout is considered one of the main problems and has received
much attention from the learning analytics research community, which has
reported several approaches to the development of models for the early
prediction of at-risk students. However, maximizing the results obtained
by predictions is a considerable challenge. In this work, we developed a
solution using only students' interactions with the virtual learning
environment and its derivative features for early predict at-risk
students in a Brazilian distance technical high school course that is
103 weeks in duration. To maximize results, we developed an elitist
genetic algorithm based on Darwin's theory of natural selection for
hyperparameter tuning. With the application of the proposed technique,
we predicted the student at risk with an Area Under the Receiver
Operating Characteristic Curve (AUROC) above 0.75 in the initial weeks
of a course. The results demonstrate the viability of applying
interaction count and derivative features to generate prediction models
in contexts where access to demographic data is restricted. The
application of a genetic algorithm to the tuning of hyperparameters
classifiers can increase their performance in comparison with other
techniques.";Article;10.3390/app10113998;;"Queiroga, EM (Corresponding Author), Univ Fed Pelotas UFPel, Ctr Desenvolvimento Tecnol CDTEC, BR-96010610 Pelotas, RS, Brazil.Queiroga, EM (Corresponding Author), Inst Fed Educ Ciencia \& Tecnol Rio Grandense IFSu, BR-96015560 Pelotas, RS, Brazil.Munoz, R (Corresponding Author), Univ Valparaiso, Escuela Ingn Informat, Valparaiso 2362735, Chile.Queiroga, Emanuel Marques; Kappel, Kristofer; Aguiar, Marilton; Araujo, Ricardo Matsumura, Univ Fed Pelotas UFPel, Ctr Desenvolvimento Tecnol CDTEC, B";;"at-risk students; genetic algorithm; learning analytics; educationaldata mining";MDPI;;English;
Density-Based Unsupervised Learning Algorithm to Categorize CollegeStudents into Dropout Risk Levels;Angel Valles-Coral, Miguel and Salazar-Ramirez, Luis and Injante,Richard and Augusto Hernandez-Torres, Edwin and Juarez-Diaz, Juan andRaul Navarro-Cabrera, Jorge and Pinedo, Lloy and Vidaurre-Rojas, Pierre;DATA;2022;Web of Science (WoS);;7;"Compliance with the basic conditions of quality in higher education
implies the design of strategies to reduce student dropout, and
Information and Communication Technologies (ICT) in the educational
field have allowed directing, reinforcing, and consolidating the process
of professional academic training. We propose an academic and emotional
tracking model that uses data mining and machine learning to group
university students according to their level of dropout risk. We worked
with 670 students from a Peruvian public university, applied 5 valid and
reliable psychological assessment questionnaires to them using a
chatbot-based system, and then classified them using 3 density-based
unsupervised learning algorithms, DBSCAN, K-Means, and HDBSCAN. The
results showed that HDBSCAN was the most robust option, obtaining better
validity levels in two of the three internal indices evaluated, where
the performance of the Silhouette index was 0.6823, the performance of
the Davies-Bouldin index was 0.6563, and the performance of the
Calinski-Harabasz index was 369.6459. The best number of clusters
produced by the internal indices was five. For the validation of
external indices, with answers from mental health professionals, we
obtained a high level of precision in the F-measure: 90.9\%, purity:
94.5\%, V-measure: 86.9\%, and ARI: 86.5\%, and this indicates the
robustness of the proposed model that allows us to categorize university
students into five levels according to the risk of dropping out.";Article;10.3390/data7110165;;"Valles-Coral, MA (Corresponding Author), Univ Nacl San Martin, Fac Ingn Sistemas \& Informat, Jr Maynas 22200, Tarapoto, Peru.Angel Valles-Coral, Miguel; Salazar-Ramirez, Luis; Injante, Richard; Augusto Hernandez-Torres, Edwin; Juarez-Diaz, Juan; Raul Navarro-Cabrera, Jorge; Pinedo, Lloy; Vidaurre-Rojas, Pierre, Univ Nacl San Martin, Fac Ingn Sistemas \& Informat, Jr Maynas 22200, Tarapoto, Peru.";;"clustering; data mining; DBSCAN; K-Means; HDBSCAN";MDPI;;English;
A model for predicting academic performance on standardised tests forlagging regions based on machine learning and Shapley additiveexplanations;Suaza-Medina, Mario and Penabaena-Niebles, Rita and Jubiz-Diaz, Maria;SCIENTIFIC REPORTS;2024;Web of Science (WoS);;14;"Data are becoming more important in education since they allow for the
analysis and prediction of future behaviour to improve academic
performance and quality at educational institutions. However, academic
performance is affected by regions' conditions, such as demographic,
psychographic, socioeconomic and behavioural variables, especially in
lagging regions. This paper presents a methodology based on applying
nine classification algorithms and Shapley values to identify the
variables that influence the performance of the Colombian standardised
test: the Saber 11 exam. This study is innovative because, unlike
others, it applies to lagging regions and combines the use of EDM and
Shapley values to predict students' academic performance and analyse the
influence of each variable on academic performance. The results show
that the algorithms with the best accuracy are Extreme Gradient Boosting
Machine, Light Gradient Boosting Machine, and Gradient Boosting Machine.
According to the Shapley values, the most influential variables are the
socioeconomic level index, gender, region, location of the educational
institution, and age. For Colombia, the results showed that male
students from urban educational institutions over 18 years have the best
academic performance. Moreover, there are differences in educational
quality among the lagging regions. Students from Nari \& ntilde;o have
advantages over ones from other departments. The proposed methodology
allows for generating public policies better aligned with the reality of
lagging regions and achieving equity in access to education.";Article;10.1038/s41598-024-76596-3;;"Peñabaena-Niebles, R (Corresponding Author), Univ Norte, Dept Ind Engn, Km 5 Via Puerto Colombia, Barranquilla 081007, Atlantico, Colombia.Suaza-Medina, Mario, Univ Zaragoza, Dept Informat \& Comp Sci, Maria de Luna 1, Zaragoza 50018, Spain.Suaza-Medina, Mario; Penabaena-Niebles, Rita; Jubiz-Diaz, Maria, Univ Norte, Dept Ind Engn, Km 5 Via Puerto Colombia, Barranquilla 081007, Atlantico, Colombia.";;"CRISP-DM; Educational data mining; Lagging region; Machine learning;Shapley additive explanations; Standardised test";NATURE PORTFOLIO;2045-2322;English;
Student clustering procedure according to dropout risk to improvestudent management in higher education;Hinojosa, Mauricio and Derpich, Ivan and Alfaro, Miguel and Ruete, Davidand Caroca, Alejandro and Gatica, Gustavo;TEXTO LIVRE-LINGUAGEM E TECNOLOGIA;2022;Web of Science (WoS);;15;"The complex problem of student dropout represents an opportunity for the
application of data mining technology and methods in higher education.
The objective of this research is to obtain the profile of students at
risk of dropping out and thus generate student management plans that
impact on the variables that explain this situation. For this, it is
proposed to use a CRISP-DM methodological structure, applying
statistical tools and unsupervised machine learning. The cross-sectional
analysis was carried out on a universe of freshmen day students at a
private Chilean university. The sociodemographic and behavioural
variables used were based on attrition theory and expert judgment, and
the data were obtained from the historical records available at the
Institution. To obtain the variables that most influenced dropout,
correlation and principal component analyses were performed. The
application of agglomerative hierarchical clustering and rough sets
technique produced four profiles of students with their respective
association rules and five academic variables that allowed the design of
a support system to reduce dropout and promote retention.";Article;10.35699/1983-3652.2022.37275;;"Hinojosa, M (Corresponding Author), Univ Santiago Chile, Fac Ingn, Dept Ingn Ind, Santiago, Region Metropol, Chile.Hinojosa, Mauricio; Derpich, Ivan; Alfaro, Miguel, Univ Santiago Chile, Fac Ingn, Dept Ingn Ind, Santiago, Region Metropol, Chile.Ruete, David; Caroca, Alejandro; Gatica, Gustavo, Univ Andres Bello, Fac Ingn, Santiago, Region Metropol, Chile.";;"Student dropout; CRISP-DM; Principal component analysis; Agglomerativehierarchical clustering; Rough sets";UNIV FED MINAS GERAIS, FAC LETRAS;1983-3652;Spanish;
Teaching through Learning Analytics: Predicting Student LearningProfiles in a Physics Course at a Higher Education Institution;Rincon-Flores, Elvira G. and Lopez-Camacho, Eunice and Mena, Juanjo andOlmos, Omar;INTERNATIONAL JOURNAL OF INTERACTIVE MULTIMEDIA AND ARTIFICIALINTELLIGENCE;2022;Web of Science (WoS);82-89;7;"Learning Analytics (LA) is increasingly used in Education to set
prediction models from artificial intelligence to determine learning
profiles. This study aims to determining to what extent K-nearest
neighbor and random forest algorithms could become a useful tool for
improving the teaching-learning process and reducing academic failure in
two Physics courses at the Technological Institute of Monterrey, Mexico
(n = 268). A quasi-experimental and mixed method approach was conducted.
The main results showed significant differences between the first and
second term evaluations in the two groups. One of the main findings of
the study is that the predictions were not very accurate for each
student in the first term evaluation. However, the predictions became
more accurate as the algorithm was fed with larger datasets from the
second term evaluation. This result indicates how predictive algorithms
based on decision trees, can offer a close approximation to the academic
performance that will occur in the class, and this information could be
use along with the personal impressions coming from the teacher.";Article;10.9781/ijimai.2022.01.005;;"Olmos, O (Corresponding Author), Tecnol Monterrey, Sch Engn \& Sci, Monterrey, Mexico.Rincon-Flores, Elvira G., Tecnol Monterrey, Inst Future Educ, Monterrey, Mexico.Rincon-Flores, Elvira G., Tecnol Monterrey, Sch Humanities \& Educ, Monterrey, Mexico.Rincon-Flores, Elvira G., Univ Salamanca, GRIAL Res Grp, Salamanca, Spain.Mena, Juanjo, Salamanca Univ, Educ Dept, Salamanca, Spain.Mena, Juanjo, Kazan Fed Univ, Inst Psychol \& Educ, Kazan, Russia.Rincon-Flores, Elvira G.; Olmos, Omar, Tecno";;"Adaptive Learning; Educational Innovation; Higher Education; LearningAnalytics; Predictive Algorithms";UNIV INT RIOJA-UNIR;1989-1660;English;
Student Performance Prediction by Multiple Regression;Novaes, Adenilson A. and Piton-Goncalves, Jean;SIGMAE;2021;Web of Science (WoS);82-98;10;"In the context of Educational Data Science, Student Academic Performance
Predic-tion can follow Educational Data Mining, which seeks to make
student performance quantitative, guiding teachers and educational
institutions. Multiple Linear Regression is a forecasting metho-dology
that can be applied to educational data, as is the case of data from the
Exame Nacional do Ensino Medio (ENEM). Based on data from the ENEM 2019
edition, this research proposed, tested and analyzed seven multiple
regression models based on a sample of 18.908 candidates. Such models
considered the scores of the tests of (i) Languages, Codes and their
Technologies, (ii) Mathematics and their Technologies, (iii) Natural
Sciences and their Technologies and (iv) Human Sciences and their
Technologies and (v) Writing; and personal data (iv) age, (v) sex and
(vi) completed high school in a public or private school. Six models
showed independence, cons-tant variance, absence of influential and
significant outliers, allowing for an excellent predictive capacity of
student performance.";Article;;;Piton-Gonçalves, J (Corresponding Author), Univ Fed Sao Carlos UFSCar, Dept Matemat, Sao Carlos, Brazil.Novaes, Adenilson A., Raccoon Publicidade Ltda, Sao Carlos, Brazil.Piton-Goncalves, Jean, Univ Fed Sao Carlos UFSCar, Dept Matemat, Sao Carlos, Brazil.;;"Performance prediction; Multiple Linear Regression; Data Science;Educational Data Mining; Exame Nacional do Ensino M?dio";UNIV FEDERAL ALFENAS;2317-0840;Portuguese;
Early Detection of At-Risk Students in Physics Through Remediated OnlineFormative Assessments and Machine Learning;Sarmiento, Charlie V. and Penello, Germano Maioli and Sigaud, Lucas;JOURNAL OF FORMATIVE DESIGN IN LEARNING;2025;Web of Science (WoS);101-113;9;"Traditional distance learning evaluations often fail to diagnose
students' deficiencies in the early stages. This research tackles this
challenge by implementing online formative assessments and analyzing the
records of an introductory physics course, aiming to predict at-risk
students. These online assessments go beyond mere evaluation, offering
valuable benefits for students, such as immediate feedback, the
opportunity to retake assessments, and learn from mistakes, all
fostering deeper understanding. Three machine learning algorithms were
used to predict students' final situation. All algorithms demonstrated
good classification performance. However, the support vector machine
(SVM) algorithm surpassed the others. This result allows us to predict
potential failure during the very first formative assessment. This
method empowers instructors to intervene early and improve student
success, potentially leading to higher retention rates. These findings
pave the way for personalized learning interventions in distance
learning education. Potentially transforming students' outcomes and
fostering a more engaging learning experience.";Article;10.1007/s41686-025-00104-7;;"Sarmiento, CV (Corresponding Author), Univ Fed Rio De Janeiro, Inst Fis, Rio De Janeiro, Brazil.Sarmiento, Charlie V.; Penello, Germano Maioli, Univ Fed Rio De Janeiro, Inst Fis, Rio De Janeiro, Brazil.Penello, Germano Maioli, Univ Sao Paulo, Inst Fis, Sao Paulo, Brazil.Sigaud, Lucas, Univ Fed Fluminense, Inst Fis, Niteroi, RJ, Brazil.";;"Teaching physics; Higher education; Online learning; Data mining;Learning strategies; Formative assessments";SPRINGER INT PUBL AG;;English;
Intelligent System to Predict University Students Dropout;Vega, Hugo and Sanez, Enzo and De La Cruz, Percy and Moquillaza,Santiago and Pretell, Johny;INTERNATIONAL JOURNAL OF ONLINE AND BIOMEDICAL ENGINEERING;2022;Web of Science (WoS);27-43;18;"The objective of this research is to reduce the dropout rate of students
in the Faculty of Systems Engineering and Informatics of the Universidad
Nacional Mayor de San Marcos (FISI-UNMSM), through the implementation of
an intelligent system with a data mining approach and the autonomous
learning algorithm (decision trees) that predicts which students are at
risk of dropping out. It was developed in Python and the free software
Weka. For this, the data of the students who entered the faculty from
2004 to 2014 have been considered. This solution increases the
availability and the level of satisfaction of the faculty; in the
learning process, an accuracy percentage of 90.34\% and precision of
95.91\% was obtained, so the data mining model is considered valid. In
addition, it was found that the variables that most influenced students
in making the decision to abandon their studies are the historical
weighted average their grades, the weighted average their grades of the
last cycle, and the number of credits of their approved courses";Article;10.3991/ijoe.v18i07.30195;;"Vega, H (Corresponding Author), Univ Nacl Mayor San Marcos, Lima, Peru.Vega, Hugo; Sanez, Enzo; De La Cruz, Percy; Moquillaza, Santiago; Pretell, Johny, Univ Nacl Mayor San Marcos, Lima, Peru.";;"intelligent system; machine learning; prediction; dropout";Int Federation Engineering Education Societies-IFEES;;English;
Backpack Process Model (BPPM): A Process Mining Approach for CurricularAnalytics;Salazar-Fernandez, Juan Pablo and Munoz-Gama, Jorge andMaldonado-Mahauad, Jorge and Bustamante, Diego and Sepulveda, Marcos;APPLIED SCIENCES-BASEL;2021;Web of Science (WoS);;11;"Featured Application
In this work, Process Mining techniques are used with a curricular
analytics approach, to model the educational trajectories of engineering
students during their first courses.
Curricular analytics is the area of learning analytics that looks for
insights and evidence on the relationship between curricular elements
and the degree of achievement of curricular outcomes. For higher
education institutions, curricular analytics can be useful for
identifying the strengths and weaknesses of the curricula and for
justifying changes in learning pathways for students. This work presents
the study of curricular trajectories as processes (i.e., sequence of
events) using process mining techniques. Specifically, the Backpack
Process Model (BPPM) is defined as a novel model to unveil student
trajectories, not by the courses that they take, but according to the
courses that they have failed and have yet to pass. The usefulness of
the proposed model is validated through the analysis of the curricular
trajectories of N = 4466 engineering students considering the first
courses in their program. We found differences between backpack
trajectories that resulted in retention or in dropout; specific courses
in the backpack and a larger initial backpack sizes were associated with
a higher proportion of dropout. BPPM can contribute to understanding how
students handle failed courses they must retake, providing information
that could contribute to designing and implementing timely interventions
in higher education institutions.";Article;10.3390/app11094265;;"Salazar-Fernandez, JP (Corresponding Author), Pontificia Univ Catolica Chile, Sch Engn, Dept Comp Sci, Santiago 7820436, Chile.Salazar-Fernandez, JP (Corresponding Author), Univ Austral Chile, Inst Informat, Valdivia 5110701, Chile.Salazar-Fernandez, Juan Pablo; Munoz-Gama, Jorge; Bustamante, Diego; Sepulveda, Marcos, Pontificia Univ Catolica Chile, Sch Engn, Dept Comp Sci, Santiago 7820436, Chile.Salazar-Fernandez, Juan Pablo, Univ Austral Chile, Inst Informat, Valdivia 5110701, Chile.Maldo";;"learning analytics; curricular analytics; process mining; curriculartrajectories; higher education";MDPI;;English;
Educational Data Science and Machine Learning: A Case Study onUniversity Student Dropout in Mexico;Kuz, Antonieta and Morales, Rosa;EDUCATION IN THE KNOWLEDGE SOCIETY;2023;Web of Science (WoS);;24;"Nowadays, university dropout is a disturbing phenomenon that affects
students, educational institutions, and the state. A look at this
phenomenon from Educational Data Science and the application of Machine
Learning techniques allows us to search for the potential permanence of
the students, which is why this research aims to predict school dropout
in the first year of studies. university level using these techniques. A
practical case study is analyzed in the educational field using a
private university student database in Mexico. It is shown in the study
that the metrics and the visualization of the structuring to analyze
patterns allow to determine that the characteristics that best predict
institutional dropout in the first year of studies at the university
level are the average of the student in the first period and the
percentage of the scholarship.";Article;10.14201/eks.30080;;Kuz, A (Corresponding Author), Univ Metropolitana Educ \& Trabajo, Fac Informat, Buenos Aires, DF, Argentina.Kuz, Antonieta, Univ Metropolitana Educ \& Trabajo, Fac Informat, Buenos Aires, DF, Argentina.Morales, Rosa, Univ Monterrey, Dept Econ, Monterrey, Mexico.;;"students dropout higher education; educational data science data;academics analytics machine; learning";EDICIONES UNIV SALAMANCA;2444-8729;English;
A data mining approach to guide students through the enrollment processbased on academic performance;Vialardi, Cesar and Chue, Jorge and Pablo Peche, Juan and Alvarado,Gustavo and Vinatea, Bruno and Estrella, Jhonny and Ortigosa, Alvaro;USER MODELING AND USER-ADAPTED INTERACTION;2011;Web of Science (WoS);217-248;21;"Student academic performance at universities is crucial for education
management systems. Many actions and decisions are made based on it,
specifically the enrollment process. During enrollment, students have to
decide which courses to sign up for. This research presents the
rationale behind the design of a recommender system to support the
enrollment process using the students' academic performance record. To
build this system, the CRISP-DM methodology was applied to data from
students of the Computer Science Department at University of Lima,
PerA(0). One of the main contributions of this work is the use of two
synthetic attributes to improve the relevance of the recommendations
made. The first attribute estimates the inherent difficulty of a given
course. The second attribute, named potential, is a measure of the
competence of a student for a given course based on the grades obtained
in related courses. Data was mined using C4.5, KNN (K-nearest neighbor),
Na < ve Bayes, Bagging and Boosting, and a set of experiments was
developed in order to determine the best algorithm for this application
domain. Results indicate that Bagging is the best method regarding
predictive accuracy. Based on these results, the ``Student Performance
Recommender System{''} (SPRS) was developed, including a learning
engine. SPRS was tested with a sample group of 39 students during the
enrollment process. Results showed that the system had a very good
performance under real-life conditions.";Article;10.1007/s11257-011-9098-4;;"Vialardi, C (Corresponding Author), Univ Lima, Fac Ingn Sistemas, Lima, Peru.Vialardi, Cesar; Chue, Jorge; Pablo Peche, Juan; Alvarado, Gustavo; Vinatea, Bruno; Estrella, Jhonny, Univ Lima, Fac Ingn Sistemas, Lima, Peru.Ortigosa, Alvaro, Univ Autonoma Madrid, Escuela Politecn Super, Madrid, Spain.";;"Data mining; Enrollment process; Supervised classification; Machinelearning; Recommender systems; Predictive accuracy";SPRINGER;0924-1868;English;
Early detection of students' failure using Machine Learning techniques;Lopez-Garcia, Aaron and Blasco-Blasco, Olga and Liern-Garcia, Marina andParada-Rico, Sandra E.;OPERATIONS RESEARCH PERSPECTIVES;2023;Web of Science (WoS);;11;"The educational system determines one of the significant strengths of an
advanced society. A country with a lack of culture is less competitive
due to the inequality suffered by its people. Institutions and
organizations are putting their efforts into tackling that problem.
Nevertheless, it is not an easy task to ascertain why their students
have failed or what are the conditions that affect such situations. In
this work, an intelligent system is proposed to predict academic failure
by using student information stored by the Industrial University of
Santander (Colombia). The prediction model is powered by the XGBoost
algorithm, where a TOPSIS-based feature extraction and ADASYN
oversampling have been conducted. Hyperparameters of the classifier were
tuned by a cross-validated grid-search algorithm. We have compared our
results with other decision -tree classifiers and displayed the feature
importance of our intelligent system as an explainability phase. In
conclusion, our intelligent system has shown a superior performance of
our prediction model and has indicated to us that economic, health and
social factors are decisive for the academic performance of the
students.";Article;10.1016/j.orp.2023.100292;;Blasco-Blasco, O (Corresponding Author), Univ Valencia, Fac Econ, Dept Econ Aplicada, Avda Tarongers S-N, Valencia 46022, Spain.Lopez-Garcia, Aaron, Univ Politecn Valencia, Cami Vera S-N, Valencia 46022, Spain.Blasco-Blasco, Olga, Univ Valencia, Fac Econ, Dept Econ Aplicada, Avda Tarongers S-N, Valencia 46022, Spain.Liern-Garcia, Marina, Univ Valencia, Av Blasco Ibanez 13, Valencia 46010, Spain.Parada-Rico, Sandra E., Ind Univ Santander, Sch Math, Carrera 27 Calle 9,Edificio Camilo Torres, B;;"Student performance; Academic failure; XGBoost; Gradient BoostingMachine; UW-TOPSIS; ADASYN";ELSEVIER;;English;
Using machine learning techniques to predict academic performance inmathematics;da Silva, Joao Batista and da Costa, Luis Carlos Assis and dos Santos,Jose Nilson and Batista, Raquel Oliveira da Silva;EDUWEB-REVISTA DE TECNOLOGIA DE INFORMACION Y COMUNICACION EN EDUCACION;2025;Web of Science (WoS);9-19;19;"The purpose of this study was to investigate the predictive power of the
SAEF exams in estimating the schools' performance in Mathematics on the
SPAECE exam. To achieve this, we developed a predictive machine learning
model. The model was trained using data from 133 schools that
participated in the exams in 2022, and subsequently tested with data
from 140 schools that took part in the exams in 2023. The results showed
that the random forest (RF) model demonstrated moderate predictive power
(R2 = 0.397), which was superior to the linear model (R2 = 0.384). This
means that approximately 39.7\% of the variance in schools' Mathematics
performance on the SPAECE can be explained by the results of the SAEF
exams. The first SAEF exam, administered at the beginning of the
academic year, demonstrated the highest predictive power among the
three, indicating that students' initial performance in Mathematics is a
strong indicator of their future performance. These findings underscore
the importance of early identification of learning difficulties to
enable strategic pedagogical interventions throughout the year. Although
this study was conducted within the Brazilian educational context, other
countries can also utilize machine learning techniques to monitor
students' academic trajectories and predict their outcomes in
standardized assessments.";Article;10.46502/issn.1856-7576/2025.19.02.1;;da Silva, JB (Corresponding Author), Univ Estadual Ceara, Educ, Fortaleza, Brazil.da Silva, Joao Batista, Univ Estadual Ceara, Educ, Fortaleza, Brazil.da Costa, Luis Carlos Assis, Univ Fed Ceara, Sci \& Math Teaching, Fortaleza, Brazil.dos Santos, Jose Nilson, Univ Fed Ceara, Pharm, Fortaleza, Brazil.Batista, Raquel Oliveira da Silva, Fametro Univ Ctr, Human Resources, Fortaleza, Brazil.;;"artificial intelligence; assessment; large-scale; machine learning;random forest";UNIV CARABOBO;1856-7576;English;
Curricular Analytics to Characterize Educational Trajectories inHigh-Failure Rate Courses That Lead to Late Dropout;Salazar-Fernandez, Juan Pablo and Sepulveda, Marcos and Munoz-Gama,Jorge and Nussbaum, Miguel;APPLIED SCIENCES-BASEL;2021;Web of Science (WoS);;11;"Featured Application
In this work, Process Mining techniques are used, with a curricular
analytics approach, to understand the educational trajectories of higher
education students.
Late dropout is one of the most pressing challenges currently facing
higher education, and the process that each student follows to arrive at
that decision usually involves several academic periods. This work
presents a curricular analytics approach at the program level, to
analyze how educational trajectories of undergraduate students in
high-failure rate courses help to describe the process that leads to
late dropout. Educational trajectories (n = 10,969) of high-failure rate
courses are created using Process Mining techniques, and the results are
discussed based on established theoretical frameworks. Late dropout was
more frequent among students who took a stopout while having
high-failure rate courses they must retake. Furthermore, students who
ended in late dropout with high-failure rate courses they must retake
had educational trajectories that were on average shorter and less
satisfactory. On the other hand, the educational trajectories of
students who ended in late dropout without high-failure rate courses
they must retake were more similar to those of students who graduated
late. Moreover, some differences found among ISCED fields are also
described. The proposed approach can be replicated in any other
university to understand the educational trajectories of late dropout
students from a longitudinal perspective, generating new knowledge about
the dynamic behavior of the students. This knowledge can trigger
improvements to the curriculum and in the follow-up mechanisms used to
increase student retention.";Article;10.3390/app11041436;;"Salazar-Fernandez, JP (Corresponding Author), Pontificia Univ Catolica Chile, Dept Comp Sci, Santiago 7820436, Chile.Salazar-Fernandez, JP (Corresponding Author), Univ Austral Chile, Inst Informat, Valdivia 5110701, Chile.Salazar-Fernandez, Juan Pablo; Sepulveda, Marcos; Munoz-Gama, Jorge; Nussbaum, Miguel, Pontificia Univ Catolica Chile, Dept Comp Sci, Santiago 7820436, Chile.Salazar-Fernandez, Juan Pablo, Univ Austral Chile, Inst Informat, Valdivia 5110701, Chile.";;"learning analytics; curricular analytics; process mining; educationaltrajectories; dropout; higher education; stopout";MDPI;;English;
Limitaci?n funcional y rendimiento acad?mico en universitarios dePopay?n, Colombia Functional limitation and academic performance inuniversity students from Popayan, Colombia;Janneth Molano-Tobar, Nancy and Ximena Molano-Tobar, Dolly and PortillaFernandez, Emnanuel Fernando;RETOS-NUEVAS TENDENCIAS EN EDUCACION FISICA DEPORTE Y RECREACION;2022;Web of Science (WoS);1038-1045;;"Objective: To identify the relationship between academic performance and
functional limitations in university students from a public institution
in Popayan, Colombia. Material and methods. Descriptive-correlational
study of a cross-sectional cohort with 115 university students to whom
the CIF instrument (classification system of functional health and
disease outcomes) was applied, as well as the evaluation of academic
performance measured through the general career average, the normal
distribution of the population according to age was verified, to obtain
measures of central tendency and dispersion as a Pearson statistic (p <
0.05). Results. It was found that the population in general did not
present functional limitations, but those that do appear are related to
academic performance corresponding to cognitive, visual, voice and
speech functions, with statistical significance (p=0.000). Conclusion.
The functional limitations stand for a barrier for the academic
development of the university student, which can lead to retention and
desertion, it was appreciated how the socio-economic status of the
students is related to the cognitive-mental function with a high
correlation and significance (R =0.721 p=0.002).";Article;;;"Molano-Tobar, NJ (Corresponding Author), Univ Cauca, Popayan, Cauca, Colombia.Janneth Molano-Tobar, Nancy; Portilla Fernandez, Emnanuel Fernando, Univ Cauca, Popayan, Cauca, Colombia.Ximena Molano-Tobar, Dolly, Univ Cooperat Colombia, Medellin, Antioquia, Colombia.";;"Education; students; disability; limitation; functionality";FEDERACION ESPANOLA ASOC DOCENTES EDUCACION FISICA-FEADEF;1579-1726;English;
Academic Performance Profiles: The Importance of Family Expectations;Bravo Sanzana, Monica and Salvo, Sonia and Mieres, Manuel and Mansilla,Juan and Hederich, Christian;PERFILES LATINOAMERICANOS;2017;Web of Science (WoS);361-386;25;"This study explored some of the factors that explain school performance.
To attain this, Chilean students' profiles of eighth year of primary
school were identified and characterized (13.65 year old mean/DS 0.74).
This was done according to their academic performance in the History,
Geography and Social Sciences test, and the context variables. The
database was provided by the Sistema de Medicion de la Calidad de la
Educacion de Chile (Simce). The study was conducted by means of a
predictive correlational quantitative design, using a classification and
regression tree (cart). Parents' high educational expectations are the
most important distinguishing factor in school performance. The results
are discussed in relation to previous research about these topics.";Article;10.18504/pl2550-016-2017;;"Sanzana, MB (Corresponding Author), Univ La Frontera, Nucleo Cient Tecnol Ciencias Sociales Aplicades, Educ, Temuco, Chile.Bravo Sanzana, Monica, Univ La Frontera, Nucleo Cient Tecnol Ciencias Sociales Aplicades, Educ, Temuco, Chile.Salvo, Sonia, Univ Salamanca, Estadist Multivariante, Salamanca, Spain.Salvo, Sonia, Univ La Frontera, Dept Matemat \& Estadist, Temuco, Chile.Mieres, Manuel, Univ La Frontera, Ciencias Soci Aplicadas, Temuco, Chile.Mieres, Manuel; Mansilla, Juan, Univ Catolica ";;"School performance; primary school; role of the family; educationalexpectations of parents; regression analysis; student profiles; cart";FLACSO-MEXICO;0188-7653;Spanish;
Developing a Model to Predict Self-Reported Student Performance duringOnline Education Based on the Acoustic Environment;Puyana-Romero, Virginia and Larrea-Alvarez, Cesar Marcelo andDiaz-Marquez, Angela Maria and Hernandez-Molina, Ricardo and Ciaburro,Giuseppe;SUSTAINABILITY;2024;Web of Science (WoS);;16;"In recent years, great developments in online university education have
been observed, favored by advances in ICT. There are numerous studies on
the perception of academic performance in online classes, influenced by
aspects of a very diverse nature; however, the acoustic environment of
students at home, which can certainly affect the performance of academic
activities, has barely been evaluated. This study assesses the influence
of the home acoustic environment on students' self-reported academic
performance. This assessment is performed by calculating prediction
models using the Recursive Feature Elimination method with 40 initial
features and the following classifiers: Random Forest, Gradient
Boosting, and Support Vector Machine. The optimal number of predictors
and their relative importance were also evaluated. The performance of
the models was assessed by metrics such as the accuracy and the area
under the receiver operating characteristic curve (ROC\_AUC-score). The
model with the smallest optimal number of features (with 14 predictors,
9 of them about the perceived acoustic environment) and the best
performance achieves an accuracy of 0.7794; furthermore, the maximum
difference for the same algorithm between using 33 and 14 predictors is
0.03. Consequently, for simplicity and the ease of interpretation,
models with a reduced number of variables are preferred.";Article;10.3390/su16114411;;"Puyana-Romero, V (Corresponding Author), Univ Las Amer UDLA, Fac Engn \& Appl Sci, Telecommun Engn, Quito 170503, Ecuador.Puyana-Romero, V (Corresponding Author), Univ Cadiz, Acoust Engn Lab, Puerto Real 11510, Spain.Puyana-Romero, Virginia, Univ Las Amer UDLA, Fac Engn \& Appl Sci, Telecommun Engn, Quito 170503, Ecuador.Puyana-Romero, Virginia; Hernandez-Molina, Ricardo, Univ Cadiz, Acoust Engn Lab, Puerto Real 11510, Spain.Larrea-Alvarez, Cesar Marcelo, Univ Especialidades Espiritu Santo, ";;"online learning; domestic soundscape; self-reported academicperformance; noise sources; machine learning";MDPI;;English;
Incidence of socioeconomic school segregation on academic performance Astudy from Peru;Javier Murillo, F. and Carrillo, Sandra;EDUCATION POLICY ANALYSIS ARCHIVES;2021;Web of Science (WoS);;29;"The objective of this research is to estimate the incidence of
socioeconomic school segregation in the academic performance of
students. For this purpose, data mining was carried out using the data
of the Census Evaluation of Students (ECE) of the Ministry of Education
of Peru, through Multilevel Models with three levels of analysis
(region, school and student). The Hutchens' Square Root Index was used
to estimate the magnitude of segregation in each school. The sample
consisted of 502,521 2nd grade secondary students from 12,862 schools in
the country. The results show that school segregation has a direct and
measurable impact on performance in the three areas analyzed, and even
helps to explain more than the average socioeconomic level of the
school. Likewise, the concentration of students from families with lower
socioeconomic levels in the school makes performance lower in the three
areas; while the concentration of students from families with higher
socioeconomic levels makes performance better, also in the three areas.
This study provides solid evidence of how school socioeconomic
segregation affects the efficiency of the educational system, as well as
the equality of educational opportunities for all.";Article;10.14507/epaa.29.5129;;Murillo, FJ (Corresponding Author), Univ Autonoma Madrid, Madrid, Spain.Javier Murillo, F., Univ Autonoma Madrid, Madrid, Spain.Carrillo, Sandra, Pontificia Univ Catolica Peru, Lima, Peru.;;"School segregation; Socio-economic level; Academic performance;Secondary education; Peru; Educational equity";ARIZONA STATE UNIV, MARY LOU FULTON TEACHERS COLL;;Spanish;
Linear Relationship between Resilience, Learning Approaches, and CopingStrategies to Predict Achievement in Undergraduate Students;de la Fuente, Jesus and Fernandez-Cabezas, Maria and Cambil, Matilde andVera, Manuel M. and Carmen Gonzalez-Torres, Maria and Artuch-Garde,Raquel;FRONTIERS IN PSYCHOLOGY;2017;Web of Science (WoS);;8;"The aim of the present research was to analyze the linear relationship
between resilience (meta-motivational variable), learning approaches
(meta-cognitive variables), strategies for coping with academic stress
(meta-emotional variable) and academic achievement, necessary in the
context of university academic stress. A total of 656 students from a
southern university in Spain completed different questionnaires: a
resiliency scale, a coping strategies scale, and a study process
questionnaire. Correlations and structural modeling were used for data
analyses. There was a positive and significant linear association
showing a relationship of association and prediction of resilience to
the deep learning approach, and problem-centered coping strategies. In a
complementary way, these variables positively and significantly
predicted the academic achievement of university students. These results
enabled a linear relationship of association and consistent and
differential prediction to be established among the variables studied.
Implications for future research are set out.";Article;10.3389/fpsyg.2017.01039;;de la Fuente, J (Corresponding Author), Univ Almeria, Dept Psychol, Almeria, Spain.de la Fuente, J (Corresponding Author), Univ Autonoma Chile, Santiago, Chile.de la Fuente, Jesus, Univ Almeria, Dept Psychol, Almeria, Spain.de la Fuente, Jesus, Univ Autonoma Chile, Santiago, Chile.Fernandez-Cabezas, Maria, Univ Granada, Dept Dev \& Educ Psychol, Granada, Spain.Cambil, Matilde, Ilustre Colegio Oficial Psicol Andalucia Oriental, Granada, Spain.Vera, Manuel M., Univ Granada, Maria Inmaculada ;;"resilience; learning approaches; coping strategies; academicperformance; university stress";FRONTIERS MEDIA SA;1664-1078;English;
A quantitative assessment model for students' sustainability: evidencefrom a Peruvian university;Giannetti, B. F. and Agostinho, Feni and Almeida, C. M. V. B. and PintoJr, Marcos Jose Alves and Marroquin, Maritza Chirinos and Paredes,Medardo Delgado;INTERNATIONAL JOURNAL OF SUSTAINABILITY IN HIGHER EDUCATION;2023;Web of Science (WoS);1745-1768;24;"PurposeThe study of sustainability within universities is recognized as
essential for debates and research; in the long term, the ``sustainable
university{''} concepts can contribute to sustainability from a larger
perspective. This study aims to propose a conceptual model for
evaluating the students' sustainability considering their interactions
with the university and the environment. The proposed model is titled
Sunshine model. It is applied to students of the La Salle University,
Peru. Design/methodology/approachThe model combines academic
performance, happiness and the ecological footprint to quantify
university students' sustainability. A structured questionnaire survey
was elaborated and applied to get the raw data that feeds the three
methods. The students' average grades evaluate academic performance.
Happiness is quantified by the happiness index method, and the
ecological footprint is measured by the demand for food, paper,
electricity, transport and built-up areas. Results are evaluated under
both approaches, overall group performance and clusters. FindingsThe
proposed model avoids misleading interpretations of a single indicator
or discussions on sustainability that lack a conceptual model, bringing
robustness in assessing students' sustainability in universities. To
have a low ecological footprint, the student needs to need up to 1
planet for their lifestyle, be considered happy with at least 0.8 (of 1)
for happiness index, and have good academic performance with at least a
grade of 7 (of 10) in their course. Regarding the case study, La Salle
students show a high academic grade degree of 7, a high level for
happiness index of 0.8 and low performance for ecological footprint by
demanding 1.8 Earth planets, resulting in an ``environmentally
distracted{''} overall classification for students with 2019 data. From
a cluster approach, 81\% of evaluated students (n = 603) have low
performance for ecological footprint, whereas 31\% have low performance
for indicators of recreational activities of happiness. Changing
lifestyles and making more recreational activities available play
crucial roles in achieving higher sustainability for the La Salle
students. Research limitations/implicationsThe happiness assessment
questionnaire can be subject to criticism, as it was created as a
specific method for this type of audience based on existing
questionnaires in the literature. Although it can be seen as an
important approach for diagnoses, the proposed model does not consider
the cause-effect aspect. The decision-maker must consider the
sociocultural aspects before implementing plan actions. Practical
implicationsUniversity managers can better understand why university
students have high or low sustainability performance and provide more
effective actions toward higher levels of students' sustainability.
Originality/valueThe proposed model, Sunshine model, overcomes the
single-criteria existing tools that access the sustainability of
universities. Rather than focusing on university infrastructure, the
proposed model focuses on the students and their relationship with the
university.";Article;10.1108/IJSHE-07-2022-0234;;"Giannetti, BF (Corresponding Author), Univ Paulista, Lab Prod \& Meio Ambiente, Programa Posgrad Engn Prod, Sao Paulo, Brazil.Giannetti, BF (Corresponding Author), Beijing Normal Univ, Sch Environm, State KeyJoint Lab Environm Simulat \& Pollut Contr, Beijing, Peoples R China.Giannetti, B. F.; Agostinho, Feni; Almeida, C. M. V. B., Univ Paulista, Lab Prod \& Meio Ambiente, Programa Posgrad Engn Prod, Sao Paulo, Brazil.Giannetti, B. F.; Agostinho, Feni; Almeida, C. M. V. B., Beijing Normal Uni";;"Academic performance; Ecological footprint; Happiness; Sunshine model;Sustainable university";EMERALD GROUP PUBLISHING LTD;1467-6370;English;
Determination of Dropout Student Profile Based on CorrespondenceAnalysis Technique;Barros, T. and Silva, I. and Affonso, L.;IEEE LATIN AMERICA TRANSACTIONS;2019;Web of Science (WoS);1517-1523;17;"The purpose of this paper is to analize how the Correspondence Analysis
Techinique can be used to enhance the Exploratory Data Analysis on the
drop-out for a set of educational data with a majority of the
categorical type. In order to do these analisys, the independence
calculation was implemented from the chi-square test, and the heatmap
and perceptual map were generated with the indexes on the socioeconomic
data of students and academic performance in Portuguese and Mathematics
subjects. As a result of this paper is presented the relations of
attraction and repulsion between socioeconomic attributes and drop-out,
and the profile of the student most vulnerable to evasion is drawn. Some
characteristics are: students who have already failed at least once, who
do not live with their parents, elementary school in public school, low
level of education of the financial responsible. The studies were carry
out using a real academic database of students of the secondary
education with training in professional education through technical
courses with duration of four years, in the face-to-face modality of the
Federal Institute of Rio Grande do Norte (IFRN) in Brazil.";Article;10.1109/tla.2019.8931146;;Barros, T (Corresponding Author), Inst Fed Rio Grande Norte IFRN, Campus EaD, Natal, RN, Brazil.Barros, T., Inst Fed Rio Grande Norte IFRN, Campus EaD, Natal, RN, Brazil.Silva, I., Univ Fed Rio Grande Norte UFRN, Inst Metropole Digital, Natal, RN, Brazil.Affonso, L., Univ Fed Rio Grande Norte UFRN, Dept Engn Comp \& Automacao, Natal, RN, Brazil.;;"Correspondence analysis; Education data mining; Data visualization";IEEE-INST ELECTRICAL ELECTRONICS ENGINEERS INC;1548-0992;Portuguese;
Causes of student abandonment, where, how and how many: the case of theUniversity of Atacama;Videla, Carmen Burgos and Prieto, Veronica Aliaga and Orellana, VivianaTesmer and Bravo, Katherine Pavez;INTERNATIONAL JOURNAL OF EDUCATIONAL RESEARCH AND INNOVATION;2022;Web of Science (WoS);1-17;;"The following research has the objective of establish reasons of
academic desertion, which expose differences statistically meaningful
for their presentation levels in order to achieve the characterization
of the reasons that put in danger the continuity of enrolled students
from 2013 in observation until the year 2016 in Atacama University. From
819 students who did not renew their enrolment, the study considered a
sample of 326 students, from whom specific information is considered. It
was done a statistic to analysis using a mixed method approach, which
gave the result of the following reasons for the academic desertion
academic efficiency, statistically meaningful and outstanding among the
other considered variables; economic, personal and health problems
appear as well. It is highlighted the denial of renewal of enrolment as
an important reason about the stated problem. The analysis of this first
researcher determined the factors that are part of the problem of the
academic's desertion and, with that in mind; it is possible to establish
reasons as well as its classification in order to determine that there
exists a problem or reason for students to abandon their university with
that careers, and it is possible to present the design of a proposal
that helps in the progressive improvement of the topics that cause the
academic desertion of university students.";Article;10.46661/ijeri.4484;;"Videla, CB (Corresponding Author), Univ Atacama, Copiapo, Chile.Videla, Carmen Burgos; Prieto, Veronica Aliaga; Orellana, Viviana Tesmer; Bravo, Katherine Pavez, Univ Atacama, Copiapo, Chile.";;"Desertion; abandonment; academic performance; university student;economic problems";UNIV PABLO OLAVIDE, FAC CIENCIAS SOCIALES;2386-4303;Spanish;
Typology of Teaching Profiles: A Model for Improving the Quality ofUniversity Education in the Context of Sustainable Development Goal 4;Lopez-Hernandez, Carlos and Martinez-Orozco, Elizabeth and Soto-Perez,Manuel;SUSTAINABILITY;2025;Web of Science (WoS);;17;"Developing tools to assess university lecturers on the quality of their
teaching practice is a priority for achieving Sustainable Development
Goal (SDG) 4. The aim of this research is therefore to propose a
typology of teaching profiles and analyse the factors that influence
each of them, with a view to proposing a model for identifying lecturers
who need support. Based on 10,938 observations made between August 2021
and June 2025, a heuristic method was used to classify all observations
into six quadrants according to student academic performance and student
evaluations of their teachers. Based on the classification of all
observations into six quadrants, called teacher profiles, logistic
regressions were performed in Gretl software version 2024c to identify
which characteristics inherent to the teacher, the educational context,
and the curricular stage explain the classification of the teacher into
a particular profile. The results indicate that full-time teachers and
those with higher academic qualifications tend to obtain higher scores
on the SET, while online or hybrid modalities are associated with lower
scores on the SET. In addition, the six teaching profiles obtained an
accuracy of over 80\% in the logit models, highlighting significant
effects of age, modality, and curricular level (p < 0.05) on the
probability of belonging to each quadrant. It is concluded that factors
related to curricular advancement, the educational context, and those
inherent to the teacher can explain the proposed typology. This typology
could serve as a management tool to identify teachers who need specific
support to move towards profiles that are ideal for the university
institution. Among the main limitations of this study are the heuristic
methodology and the fact that the data were obtained from a single
educational institution.";Article;10.3390/su172411066;;"Martínez-Orozco, E (Corresponding Author), Univ Panamericana, Fac Ciencias Econ \& Empresariales, Alvaro Portillo 49, Zapopan 45010, Jalisco, Mexico.Lopez-Hernandez, Carlos; Martinez-Orozco, Elizabeth; Soto-Perez, Manuel, Univ Panamericana, Fac Ciencias Econ \& Empresariales, Alvaro Portillo 49, Zapopan 45010, Jalisco, Mexico.";;"student performance; teaching profiles; SET; private university; qualityeducation";MDPI;;English;
Profiles of University Students Who Graduate on Time: A Cohort Studyfrom the Chilean Context;Moraga-Pumarino, Ana and Salvo-Garrido, Sonia and Polanco-Levican,Karina;BEHAVIORAL SCIENCES;2023;Web of Science (WoS);;13;"Graduating from higher education on time is an important topic, given
its relation to students' academic success and the efficiency of the
institutions. However, a low percentage of university students finish
their studies on time, which poses a challenge that requires the
identification of the factors that account for this phenomenon. This
study aimed to identify and characterize profiles of students who
graduate on time. The population is 514 university students (45\% men,
55\% women), with an average age of 19.5 years (SD= 1.9) studying
business at a university in Chile who belong to four cohorts entering
between 2011 and 2014. The results obtained from the Classification and
Regression Tree (CART) technique demonstrate eight student profiles
constructed considering different variables at the pre-university,
transition-motivation, and university levels. As the primary outcome,
the profile of the student who graduates on time is characterized by a
good performance in the first year of university, enters university
right after high school, and takes advantage of institutional support by
participating in academic tutoring. These findings suggest that
institutions can implement specific strategies from the beginning of the
university journey to promote on-time graduation.";Article;10.3390/bs13070582;;Moraga-Pumarino, A (Corresponding Author), Univ La Frontera, Dept Adm \& Econ, Temuco 4780000, Chile.Moraga-Pumarino, Ana, Univ La Frontera, Dept Adm \& Econ, Temuco 4780000, Chile.Salvo-Garrido, Sonia, Univ La Frontera, Dept Matemat \& Estadist, Temuco 4780000, Chile.Polanco-Levican, Karina, Univ La Frontera, Programa Doctorado Ciencias Sociales, Temuco 4780000, Chile.Polanco-Levican, Karina, Univ Catolica Temuco, Dept Psicol, Temuco 4780000, Chile.;;"academic achievement; CART profiles; higher education; terminalefficiency; timely graduation";MDPI;;English;
The mediating role of work stress and the performance expectations in the effect of academic overload on the use of AI models among preservice teachers: a cross-sectional study;Acosta-Enriquez, Benicio Gonzalo and Huamaní-Jordan, Olger and Morales-Angaspilco, Jahaira Eulalia and Heredia-Pérez, Oscar and Ruiz-Carrillo, Jonathan Ruiz and Blanco-García, Luz Elvira and Veliz Palacios de Villalobos, Sonia Mercedes;BMC Psychology;2025;Scopus;;;;;10.1186/s40359-025-03367-8;;;;;;;;
Learning Approaches of First-Year University Students: A mixed-method study in Chile;Parra-Díaz, Joel Alfonso and Muñoz-Vidal, Fabián Andrés and Alves, Regina F. and Rodriguez-Garcia, Nelia Margarita;International Journal of Learning, Teaching and Educational Research;2024;Scopus;;;;;10.26803/ijlter.23.10.24;;;;;;;;
"Learning approaches in students of the areas of Health Sciences belonging to a regional university in Chile; [Enfoques de aprendizaje en estudiantes de las áreas de Ciencias de la Salud pertenecientes a una universidad regional en Chile]";Cardona-V, Mónica and Henríquez-Melgarejo, Aurora and Cifuentes Muñoz, Trinidad and Luengo, Carolina and Roco-Videla, Ángel;Salud, Ciencia y Tecnologia;2024;Scopus;;;;;10.56294/saludcyt2024.1317;;;;;;;;
Comparative Analysis of Machine Learning Algorithms for Academic Performance Prediction Using Oversampling Techniques;Hernandez, Maria Luci Zamora and Daza, Alfredo and Rivera, Ricardo Dario Mendoza and Sánchez, Segundo Nicolas Diestra and Alamo, Edgar Gustavo Sparrow and Apaza-Perez, Gonzalo;Journal of Logistics, Informatics and Service Science;2025;Scopus;;;;;10.33168/JLISS.2025.0314;;;;;;;;
Variables that influence the performance of graduate students: Aperspective from the learning analytics;Urbina-Najera, Argelia B.;TELOS-REVISTA DE ESTUDIOS INTERDISCIPLINARIOS EN CIENCIAS SOCIALES;2021;Web of Science (WoS);36-50;23;"In the last decade, the use of learning analytics and the management of
large volumes of data have contributed substantially to the way higher
education institutions track, analyze information and predict student
performance (Clow, 2013). The objective of this work was to identify the
variables that influence the academic performance of graduate students,
through the application of learning analytics techniques (Chatti, et
al., 2012). The algorithms selection of attributes and decision trees
(Witten, Frank, Hall, Pal, 2016) were applied to a sample of data
collected from 136 graduate students in a simple random way. It was
identified that in general they prefer to study in the afternoon and
that they invest 43.83\% of their time in the review of the course
content while they are active in the platform; 10.92\% of the time they
participate in forums and 31.10\% of the time they carry out activities.
Through the algorithm of attribute selection, the four most important
variables that influence performance are defined, namely: total time
invested in the course of course consultation, elaboration of tasks,
participation in forums and teamwork. Also, applying decision trees, 6
patterns are established that determine some final note, whose most
important variable is the total time spent on the platform. Finally, it
is determined that the variables: time invested in the platform in the
consultation of content, teamwork, tasks and forum activity, positively
influence the satisfactory performance of the graduate student and those
variables related to the consultations, time and day of study do not
intervene in such performance, these findings give the guideline to
focus efforts on building meaningful content and tasks focused on
achieving the desired learning supported by team activities.";Article;10.36390/telos231.04;;Urbina-Nájera, AB (Corresponding Author), UPAEP, Fac Tecnol Informat, Puebla, Mexico.Urbina-Najera, Argelia B., UPAEP, Fac Tecnol Informat, Puebla, Mexico.;;"learning analytics; academic performance; usage patterns; postgraduatestudents";UNIV DR RAFAEL BELLOSO CHACIN;2343-5763;Spanish;
Data-mining techniques in detecting factors linked to academicachievement;Martinez Abad, Fernando and Caso Lopez, Alicia A. Chaparro;SCHOOL EFFECTIVENESS AND SCHOOL IMPROVEMENT;2017;Web of Science (WoS);39-55;28;"In light of the emergence of statistical analysis techniques based on
data mining in education sciences, and the potential they offer to
detect non-trivial information in large databases, this paper presents a
procedure used to detect factors linked to academic achievement in
large-scale assessments. The study is based on a non-experimental,
cross-sectional design and a sample of 18,935 high school students from
99 educational institutions in Baja California state (Mexico). The
information was collected from ENLACE tests and context surveys given to
students in Baja Caclifornia. Decision trees were used to apply
classification techniques, and the results indicate that personal
factors are most indicative of academic performance, followed by
school-related and social factors. In conclusion, the paper discusses
the similarities between the results obtained and those shown in
literature, highlighting how simple decision trees allow a greater
explanation and interpretation than other models and techniques.";Article;10.1080/09243453.2016.1235591;;Abad, FM (Corresponding Author), Univ Salamanca, Univ Inst Educ Sci, Salamanca, Spain.Martinez Abad, Fernando, Univ Salamanca, Univ Inst Educ Sci, Salamanca, Spain.Caso Lopez, Alicia A. Chaparro, Univ Autonoma Baja California, Inst Educ Res \& Dev, Ensenada, Baja California, Mexico.;;"Data mining; academic achievement; large-scale assessment; contextualfactors; context surveys";ROUTLEDGE JOURNALS, TAYLOR \& FRANCIS LTD;0924-3453;English;
Data analytics and Artificial Neural Network framework to profileacademic success: case study;Quintero-Gamez, Lorena and Tariq, Rasikh and Sanchez-Escobedo, Pedro andSanabria-Z, Jorge;COGENT EDUCATION;2024;Web of Science (WoS);;11;"Academic success in higher education has attracted interest from the
scientific community because of its implications for personal
development and societal progress. Programmes such as Tecnologico de
Monterrey's Leaders of Tomorrow aim to nurture students' potential and
promote academic success. This study examines the attributes from
participating students associated with academic success. The focus is on
personality and socio-demographic factors that influence academic
excellence. The research contribution of this work is data analysis
supported by artificial neural networks to establish the relationship
between personality tests and background information with academic
performance. The findings were: (a) high school GPA predicts university
success; (b) first-generation degree status is associated with higher
GPA; (c) gender differences in academic performance vary by context; and
(d) personality profiles are not associated with academic performance.
The role of socio-demographic and personality factors in predicting the
academic success of prospective students is discussed.";Article;10.1080/2331186X.2024.2433807;;"Sanabria-Z, J (Corresponding Author), Tecnol Monterrey, Inst Future Educ, Ave Eugenio Garza Sada 250, Monterrey, Mexico.Sanabria-Z, J (Corresponding Author), Tecnol Monterrey, Sch Architecture Art \& Design, Guadalajara, Mexico.Quintero-Gamez, Lorena, Tecnol Monterrey, Sch Humanities \& Educ, Monterrey, Mexico.Tariq, Rasikh; Sanabria-Z, Jorge, Tecnol Monterrey, Inst Future Educ, Ave Eugenio Garza Sada 250, Monterrey, Mexico.Sanchez-Escobedo, Pedro, Univ Autonoma Yucatan, Sch Educ, Yucatan, M";;"High performing students; higher education; educational innovation;Leaders of Tomorrow; artificial intelligence; data analytics; artificialneural network";TAYLOR \& FRANCIS LTD;2331-186X;English;
The prediction of academic performance using engineering student'sprofiles;Gonzalez-Nucamendi, Andres and Noguez, Julieta and Neri, Luis andRobledo-Rella, Victor and Guadalupe Garcia-Castelan, Rosa Maria andEscobar-Castillejos, David;COMPUTERS \& ELECTRICAL ENGINEERING;2021;Web of Science (WoS);;93;"This article describes the determination of student profiles based on
the constructs of multiple intelligences and on learning and affective
strategies, in order to identify the most important characteristics for
ensuring the academic success of engineering students. The two
constructs were organized in terms of eight dimensions each: the basis
for developing two questionnaires that were completed by 618
undergraduate engineering students, in an attempt to define their
student profile. Three alternative measures were designed to determine
numerical values for each dimension, according to their capacity to
predict academic performance in terms of final grades, using regression
analysis. According to the study's findings, the logical/mathematical
dimension plays an important role in student performance, while anxiety
has a negative effect on final grades. The definition of appropriate
measures to determine students' cognitive, affective, and
self-regulatory profiles can provide instructors with timely information
to implement appropriate teaching strategies in their groups.";Article;10.1016/j.compeleceng.2021.107288;;"Noguez, J (Corresponding Author), Tecnol Monterrey, Sch Engn \& Sci, Calle Puente 222, Mexico City 14380, DF, Mexico.Gonzalez-Nucamendi, Andres; Noguez, Julieta; Neri, Luis; Robledo-Rella, Victor; Guadalupe Garcia-Castelan, Rosa Maria, Tecnol Monterrey, Sch Engn \& Sci, Ave Eugenio Garza Sada 2501, Monterrey 64849, Nuevo Leon, Mexico.Escobar-Castillejos, David, Univ Panamer, Fac Ingn, Augusto Rodin 498, Ciudad De Mexico 03920, Mexico.";;"Educational innovation; Higher education; Engineering students; Academicperformance; Multiple intelligence; Self-regulation skills; Learningstrategies; Affective strategies; Student profiles; Learning analytics";PERGAMON-ELSEVIER SCIENCE LTD;0045-7906;English;
Artificial neural network model to predict student performance usingnonpersonal information;Chavez, Heyul and Chavez-Arias, Bill and Contreras-Rosas, Sebastian andMaria Alvarez-Rodriguez, Jose and Raymundo, Carlos;FRONTIERS IN EDUCATION;2023;Web of Science (WoS);;8;"In recent years, artificial intelligence has played an important role in
education, wherein one of the most commonly used applications is
forecasting students' academic performance based on personal information
such as social status, income, address, etc. This study proposes and
develops an artificial neural network model capable of determining
whether a student will pass a certain class without using personal or
sensitive information that may compromise student privacy. For model
training, we used information regarding 32,000 students collected from
The Open University of the United Kingdom, such as number of times they
took the course, average number of evaluations, course pass rate,
average use of virtual materials per date and number of clicks in
virtual classrooms. Attributes selected for the model are as follows:
93.81\% accuracy, 94.15\% precision, 95.13\% recall, and 94.64\%
F1-score. These results will help the student authorities to take
measures to avoid withdrawal and underachievement.";Article;10.3389/feduc.2023.1106679;;"Raymundo, C (Corresponding Author), Univ Peruana Ciencias Aplicadas, Res Dept, Lima, Peru.Chavez, Heyul, Univ Peruana Ciencias Aplicadas, Telecommun \& Networking Engn, Lima, Peru.Chavez, Heyul, Univ Rey Juan Carlos, Int Doctoral Sch, Madrid, Spain.Chavez-Arias, Bill; Contreras-Rosas, Sebastian, Univ Peruana Ciencias Aplicadas, Comp Sci Sch, Lima, Peru.Maria Alvarez-Rodriguez, Jose, Univ Carlos III, Dept Comp Sci \& Engn, Madrid, Spain.Raymundo, Carlos, Univ Peruana Ciencias Aplicadas, Res ";;"privacy; personal data; neural networks; forecasting; academicperformance";FRONTIERS MEDIA SA;;English;
Dropout in rural higher education in virtual modality: a neural networkapproach;Rincon, Alfredo Guzman;COGENT EDUCATION;2025;Web of Science (WoS);;12;"Access to higher education is a cornerstone for developing nations and
individuals, as it contributes to economic growth, the reduction of
inequality and improvements in quality of life. To address educational
disparities in rural areas, governments have implemented various
strategies to ensure the right to higher education, with virtual
education emerging as a significant approach. However, despite these
efforts, student dropout rates in virtual programmes remain a
considerable challenge, especially in rural contexts where socioeconomic
and academic conditions are often unfavourable. This study aimed to
identify and predictive patterns associated with dropout among higher
education students variables enrolled in virtual undergraduate
programmes in rural areas. The study was developed with data from
students belonging to educational programmes in Colombia, with a sample
of 269 rural students. Using artificial neural networks (ANNs), the
study analysed the influence of variables grouped into individual,
socioeconomic, academic and institutional determinants on the dropout
intentions of rural students in virtual programmes. The findings
provided a comprehensive view of this complex phenomenon, highlighting
the interaction between multiple determinants and offering tools to
design strategies that mitigate dropout rates and enhance retention
among rural students.";Article;10.1080/2331186X.2025.2493445;;Rincón, AG (Corresponding Author), Corp Univ Asturias, Sch Econ \& Adm Sci, Bogota, Colombia.Rincon, Alfredo Guzman, Corp Univ Asturias, Sch Econ \& Adm Sci, Bogota, Colombia.;;"Dropout; virtual education; rurality; higher education; machine learning";TAYLOR \& FRANCIS LTD;2331-186X;English;
Application of Knowledge Discovery in Data Bases Analysis to Predict the Academic Performance of University Students Based on Their Admissions Test;Uvidia Fassler, María Isabel and Cisneros Barahona, Andrés Santiago and Dumancela Nina, Gabriela Jimena and Samaniego Erazo, Gonzalo Nicolay and Villacrés Cevallos, Edison Patricio;Advances in Intelligent Systems and Computing;2020;Scopus;;;;;10.1007/978-3-030-32022-5_45;;;;;;;;
PREDICTING STUDENT DROPOUT RISK IN HIGHER EDUCATION: A MACHINE LEARNINGAPPROACH;Peralta-Fragozo, Andres and Hoyos-Sanchez, Juan-Pablo;REVISTA FACULTAD DE INGENIERIA, UNIVERSIDAD PEDAGOGICA Y TECNOLOGICA DECOLOMBIA;2025;Web of Science (WoS);;34;"Recently, student dropout has been a major challenge for higher
education institutions, since high dropout rates generate negative
consequences, both academic and social, as well as economic losses for
all involved. For these reasons, this study proposes a machine
learning-based approach for the early prediction of dropout risk, based
on academic, socioeconomic, and demographic variables. The methodology
started with an exploratory data analysis, followed by a class balancing
of the dataset using the SMOTE technique. Subsequently, supervised
classification algorithms such as Support Vector Machines (SVM),
XGBoost, Random Forest, and Balanced Random Forest Classifier were
trained to build the prediction models. GridSearchCV was used to search
for the best hyperparameters. The models were evaluated using metrics
robust to class imbalance, such as recall, ROC-AUC curve, geometric mean
(G-Mean), precision, and F1-Score. The best-performing models were
Random Forest and its Balanced Random Forest Classifier variant, without
hyperparameter optimization, with AUC values of 0.94 and recall values
greater than 0.8 in the positive class (at-risk students). In addition,
model explanation with SHAP values was used to identify and analyze the
most influential risk factors (academic and socioeconomic
characteristics).";Article;10.19053/01211129.v34.n73.2025.20107;;"Peralta-Fragozo, A (Corresponding Author), Univ Nacl Colombia, Valledupar, Colombia.Peralta-Fragozo, Andres; Hoyos-Sanchez, Juan-Pablo, Univ Nacl Colombia, Valledupar, Colombia.";;"Balanced Random Forest Classifier; classification; higher education;machine learning; Random Forest; SMOTE; student dropout; SVM; XGBoost";UNIV PEDAGOGICA \& TECNOLOGICA COLOMBIA;0121-1129;English;
Predictive models of academic risk in computing careers with educationaldata mining;Ayala Franco, Enrique and Lopez Martinez, Rocio Edith and MenendezDominguez, Victor Hugo;RED-REVISTA DE EDUCACION A DISTANCIA;2021;Web of Science (WoS);;21;"The problems of poor academic performance and lag are recurrent in
higher-level educational institutions, especially at the beginning of
university studies. In the local context, diagnostic analyzes have shown
high failure rates and low academic performance. In this work,
sociodemographic data and admission exam results of 415 students of the
computer science majors of the Autonomous University of Yucatan
(Mexico), enrolled between 2016 and 2019, were used. The objective is to
generate predictive models of academic risk, using educational data
mining methods that serve as tools for early detection of academic risk
conditions and facilitate the deployment of educational intervention
strategies. The stages of the Knowledge Extraction Process in Databases
were followed, specifically, classification techniques were applied for
the analysis, obtaining and validation of the models. The results show
that the best model corresponds to the LMT algorithm, with a precision
value of 75.42\% and 0.805 for the area under the ROC curve. It was
possible to identify the best predictive attributes, particularly the
bachelor entrance exam tests were very significant. The development of
computer tools for the early detection of academic risk and timely
educational intervention strategies is proposed.";Article;10.6018/red.463561;;"Franco, EA (Corresponding Author), Univ Autonoma Yucatan, Merida, Mexico.Ayala Franco, Enrique; Menendez Dominguez, Victor Hugo, Univ Autonoma Yucatan, Merida, Mexico.Lopez Martinez, Rocio Edith, Univ Autonoma Queretaro, Queretaro, Mexico.";;"educational data mining; predictive model; classification; academicrisk; higher education";UNIV MURCIA;1578-7680;Spanish;
Artificial Intelligence in Higher Education: A Predictive Model forAcademic Performance;Pacheco-Mendoza, Silvia and Guevara, Cesar and Mayorga-Alban, Amalin andFernandez-Escobar, Juan;EDUCATION SCIENCES;2023;Web of Science (WoS);;13;"This research work evaluates the use of artificial intelligence and its
impact on student's academic performance at the University of Guayaquil
(UG). The objective was to design and implement a predictive model to
predict academic performance to anticipate student performance. This
research presents a quantitative, non-experimental, projective, and
predictive approach. A questionnaire was developed with the factors
involved in academic performance, and the criterion of expert judgment
was used to validate the questionnaire. The questionnaire and the Google
Forms platform were used for data collection. In total, 1100 copies of
the questionnaire were distributed, and 1012 responses were received,
representing a response rate of 92\%. The prediction model was designed
in Gretl software, and the model fit was performed considering the mean
square error (0.26), the mean absolute error (0.16), and a coefficient
of determination of 0.9075. The results show the statistical
significance of age, hours, days, and AI-based tools or applications,
presenting p-values < 0.001 and positive coefficients close to zero,
demonstrating a significant and direct effect on students' academic
performance. It was concluded that it is possible to implement a
predictive model with theoretical support to adapt the variables based
on artificial intelligence, thus generating an artificial
intelligence-based mode.";Article;10.3390/educsci13100990;;"Pacheco-Mendoza, S (Corresponding Author), Univ Estatal Bolivar, Fac Ciencias Educ Sociales Filosof \& Humanist, Guaranda 020103, Ecuador.Pacheco-Mendoza, Silvia, Univ Estatal Bolivar, Fac Ciencias Educ Sociales Filosof \& Humanist, Guaranda 020103, Ecuador.Guevara, Cesar, Univ Tecnol Indoamer, Ctr Mecatron \& Sist Interact MIST, Quito 180150, Ecuador.Mayorga-Alban, Amalin; Fernandez-Escobar, Juan, Univ Guayaquil, Fac Filosofia Letras \& Ciencias Educ, Guayaquil 090150, Ecuador.";;"higher education; artificial intelligence; predictive model; academicperformance";MDPI;;English;
Comparison of Predictive Models with Balanced Classes Using the SMOTEMethod for the Forecast of Student Dropout in Higher Education;Flores, Vaneza and Heras, Stella and Julian, Vicente;ELECTRONICS;2022;Web of Science (WoS);;11;"Based on the premise that university student dropout is a social problem
in the university ecosystem of any country, technological leverage is a
way that allows us to build technological proposals to solve a poorly
met need in university education systems. Under this scenario, the study
presents and analyzes eight predictive models to forecast university
dropout, based on data mining methods and techniques, using WEKA for its
implementation, with a dataset of 4365 academic records of students from
the National University of Moquegua (UNAM), Peru. The objective is to
determine which model presents the best performance indicators to
forecast and prevent student dropout. The study aims to propose and
compare the accuracy of eight predictive models with balanced classes,
using the SMOTE method for the generation of synthetic data. The results
allow us to confirm that the predictive model based on Random Forest is
the one that presents the highest accuracy and robustness. This study is
of great interest to the educational community as it allows for
predicting the possible dropout of a student from a university career
and being able to take corrective actions both at a global and
individual level. The results obtained are highly interesting for the
university in which the study has been carried out, obtaining results
that generally outperform the results obtained in related works.";Article;10.3390/electronics11030457;;"Julian, V (Corresponding Author), Polytechn Univ Valencia UPV, Valencian Res Inst Artificial Intelligence VRAIN, Valencia 46022, Spain.Flores, Vaneza, Natl Univ Moquegua UNAM, Profess Sch Syst \& Comp Engn, Moquegua 18000, Peru.Heras, Stella; Julian, Vicente, Polytechn Univ Valencia UPV, Valencian Res Inst Artificial Intelligence VRAIN, Valencia 46022, Spain.";;"university student dropout; predictive model; data mining; SMOTE";MDPI;2079-9292;English;
A Predictive Model for the Early Identification of Student Dropout UsingData Classification, Clustering, and Association Methods;Chicon, Patricia Mariotto Mozzaquatro and Paschoal, Leo Natan andSawicki, Sandro and Roos-Frantz, Fabricia and Frantz, Rafael Z.;IEEE REVISTA IBEROAMERICANA DE TECNOLOGIAS DEL APRENDIZAJE-IEEE RITA;2025;Web of Science (WoS);12-21;20;"Technology development has led to increased data generated in education,
sparking interest in information extraction to support educational
management through automated data analysis. Using such data to create
models identifying students likely to drop out has drawn research
interest. A crucial factor in reducing dropout rates is the systematic
and early identification of the level of student engagement, especially
by detecting the students' behavior profile in the virtual environment,
such as grades in assessments. There are predictive models based on data
mining processes that identify students prone to dropping out.
Unfortunately, the predictive models do not characterize the profiles of
these students or the specific trends associated with these profiles.
This article aims to fill a gap by presenting a study that identifies
and tracks the profiles of undergraduate students likely to drop out,
starting with an analysis of academic performance. We propose a
predictive model beyond classification by combining data mining
techniques such as decision trees, clustering, and frequent pattern
analysis. Decision trees, a data mining technique that uses a tree-like
graph to represent decisions and their possible consequences, identify
students at risk of failure from the entire dataset. Clustering
analysis, a data mining technique that groups similar data points
together, groups students based on similar characteristics (e.g.,
students who scored between 0 and 30 points on a specific activity).
Frequent pattern analysis, a data mining technique that identifies
patterns that occur frequently in a dataset, uncovers the underlying
factors contributing to low performance (e.g., identify which activities
had the most significant influence on a specific group's low
performance). This integrated approach predicts dropout risk with 93.9\%
precision and provides a deeper understanding of student profiles and
the trends associated with academic failure. The model's practical
application is demonstrated through a study.";Article;10.1109/RITA.2025.3528369;;"Chicon, PMM (Corresponding Author), Univ Cruz Alta UNICRUZ, Distance Educ Ctr, Cruz Alta, Rio Grande Do S, Brazil.Chicon, Patricia Mariotto Mozzaquatro, Univ Cruz Alta UNICRUZ, Distance Educ Ctr, Cruz Alta, Rio Grande Do S, Brazil.Paschoal, Leo Natan, Paulista Univ UNIP, Inst Exact Sci \& Technol, Araraquara, SP, Brazil.Sawicki, Sandro; Roos-Frantz, Fabricia; Frantz, Rafael Z., Reg Univ Northwestern Rio do Grande UNIJUI, Dept Exact Sci \& Engn, Ijui, Rio Grande do S, Brazil.";;"Predictive models; Data models; Data mining; Random forests; Predictionalgorithms; Decision trees; Analytical models; Market research;Clustering algorithms; Classification algorithms; Data analysis; datamining; performance prediction";IEEE-INST ELECTRICAL ELECTRONICS ENGINEERS INC;;English;
Predictive Analysis of Student Dropout in Higher Education;Lopez, Jamile and Lecca, Nicolas and Castañeda, Pedro;Proceedings of 2024 2nd International Conference on Information Education and Artificial Intelligence, ICIEAI 2024;2025;Scopus;;;;;10.1145/3724504.3724554;;;;;;;;
Key Determinants of University Student Dropout: Insights from a PrivateInstitution in Ecuador;Aviles-Gonzalez, Jonnatan and Cordova-Leon, Fernando and Duque-Espinoza,Gabriela and Mosquera-Gutierres, Julio;JOURNAL OF LATINOS AND EDUCATION;2025;Web of Science (WoS);;;"The objective of this study is to analyze the variables that influence
dropout rates and the characteristics of students who drop out of a
private university in Ecuador. It proposes a classification system based
on academic, socioeconomic, and demographic factors. Using logistic
regression models, the research analyzed a dataset from 7,306 students
enrolled in a private Ecuadorian university. The study found that
receiving a student scholarship does not significantly affect the
likelihood of dropping out. The findings offer valuable insights for
designing targeted strategies aimed at improving student retention by
addressing both academic and socioeconomic challenges in higher
education.";"Article; Early Access";10.1080/15348431.2025.2566917;;"Mosquera-Gutierres, J (Corresponding Author), Univ del Azuay, Stat Ctr, Cuenca 010204, Ecuador.Aviles-Gonzalez, Jonnatan; Cordova-Leon, Fernando; Duque-Espinoza, Gabriela; Mosquera-Gutierres, Julio, Univ del Azuay, Stat Ctr, Cuenca 010204, Ecuador.";;"Higher education dropout; Latin America; logit regression; privateuniversity; socioeconomics";ROUTLEDGE JOURNALS, TAYLOR \& FRANCIS LTD;1534-8431;English;
"Academic performance assessment through data mining techniques; [Estimación de rendimiento académico a través de técnicas para minería de datos]";Alayon, Ricardo A. and Moncada, Diego A. and Medina, Victor H. and Rodríguez, Jorge E.;CICIC 2020 - Decima Conferencia Iberoamericana de Complejidad, Informatica y Cibernetica, Memorias;2020;Scopus;;;;;;;;;;;;;
Model for Predicting Academic Performance in Virtual Courses Through Supervised Learning;Silva, Jesús and Cervantes, Evereldys Garcia and Cabrera, Danelys and García, Silvia and Binda, María Alejandra and Lezama, Omar Bonerge Pineda and Lamby, Juan and Mercado, Carlos Vargas;Advances in Intelligent Systems and Computing;2021;Scopus;;;;;10.1007/978-981-15-7234-0_92;;;;;;;;
Development of software to predict academic performance using data mining techniques and tools;Chindoy Chasoy, B.Y. and Diaz Pedroza, K.Y. and Rosado Gómez, A.A.;Journal of Physics: Conference Series;2020;Scopus;;;;;10.1088/1742-6596/1708/1/012037;;;;;;;;
MOOC Next Week Dropout Prediction: Weekly Assessing Time and Learning Patterns;Alamri, Ahmed and Sun, Zhongtian and Cristea, Alexandra I. and Stewart, Craig and Pereira, Filipe Dwan;Lecture Notes in Computer Science (including subseries Lecture Notes in Artificial Intelligence and Lecture Notes in Bioinformatics);2021;Scopus;;;;;10.1007/978-3-030-80421-3_15;;;;;;;;
Factors associated to academic performance in university students;Gutiérrez-Monsalve, Jaime A. and Garzón2, Juan and Segura-Cardona, Angela M.;Formacion Universitaria;2021;Scopus;;;;;10.4067/S0718-50062021000100013;;;;;;;;
"Decision Trees as a Methodology to Determine Academic Performance in Higher Education; [Árvores de Decisão como Metodologia para Determinar o Desempenho Acadêmico no Ensino Superior]; [Árboles de Decisión como Metodología para Determinar el Rendimiento Académico en Educación Superior]";Martínez, Marco Antonio Díaz and de los Angeles Ahumada Cervantes, María and Morín, Julia Patricia Melo;Revista Lasallista de Investigacion;2021;Scopus;;;;;10.22507/rli.v18n2a8;;;;;;;;
"Dropout or permanence? Predictive models for higher education management; [Evasão ou permanência? Modelos preditivos para a gestão do ensino superior]; [Deserción o permanecia? Modelos predictivos para la gestión de la enseñanza superior]";da Silva, Fernanda Cristina and Cabral, Thiago Luiz de Oliveira and Pacheco, Andressa Sasaki Vasques;Education Policy Analysis Archives;2020;Scopus;;;;;10.14507/epaa.28.5387;;;;;;;;
Proposal for the Design and Evaluation of a Dashboard for the Analysis of Learner Behavior and Dropout Prediction in Moodle;Sigua, Edisson and Aguilar, Bryan and Pesantez-Cabrera, Paola and Maldonado-Mahauad, Jorge;Proceedings of the 15th Latin American Conference on Learning Technologies, LACLO 2020;2020;Scopus;;;;;10.1109/LACLO50806.2020.9381148;;;;;;;;
"Vulnerability and academic performance of pedagogy students: Perspectives from trainers in Chilean universities; [Vulnerabilidad y rendimiento académico de estudiantes de pedagogía: Perspectivas desde formadores en universidades chilenas*]";Emilio, Rodríguez-Ponce and Cristhian, Cerna and Liliana, Pedraja-Rejas;Revista de Ciencias Sociales;2022;Scopus;;;;;10.31876/rcs.v28i.38818;;;;;;;;
Dropout-Permanence Analysis of University Students Using Data Mining;Viloria, Amelec and Sierra, David Martínez and Samper, Martha García and Basto, Wilmer Orlando Cadavid and Pichón, Alberto Roncallo and Hernández-Palma, Hugo and Orozco, Victoria Diago and Kamatkar, Sadhana J.;Advances in Intelligent Systems and Computing;2020;Scopus;;;;;10.1007/978-3-030-30465-2_42;;;;;;;;
Automatic detection of students at risk of dropping out of school using mRMR and Late Fusion;Medina, Daniel Zapata and Builes, Jovani Alberto Jimenez and Bedoya, Albeiro Espinosa;Proceedings - JICV 2022: 12th International Conference on Virtual Campus;2022;Scopus;;;;;10.1109/JICV56113.2022.9934262;;;;;;;;
Decision trees for predicting dropout in Engineering Course students in Brazil;Mariano, Ari Melo and De Magalhães Lelis Ferreira, Arthur Bandeira and Santos, Maíra Rocha and Castilho, Mara Lucia and Bastos, Anna Carla Freire Luna Campêlo;Procedia Computer Science;2022;Scopus;;;;;10.1016/j.procs.2022.11.285;;;;;;;;
Prediction analysis of student dropout in a Computer Science course using Educational Data Mining;Costa, Alexandre G. and Queiroga, Emanuel and Primo, Tiago T. and Mattos, Julio C. B. and Cechinel, Cristian;Proceedings of the 15th Latin American Conference on Learning Technologies, LACLO 2020;2020;Scopus;;;;;10.1109/LACLO50806.2020.9381166;;;;;;;;
Classification models for determining types of academic risk and predicting dropout in university students;Bedregal-Alpaca, Norka and Cornejo-Aparicio, Victor and Zarate-Valderrama, Joshua and Yanque-Churo, Pedro;International Journal of Advanced Computer Science and Applications;2020;Scopus;;;;;10.14569/ijacsa.2020.0110133;;;;;;;;
Model for predicting academic performance through artificial intelligence;Silva, Jesus and Romero, Ligia and Solano, Darwin and Fernandez, Claudia and Lezama, Omar Bonerge Pineda and Rojas, Karina;Advances in Intelligent Systems and Computing;2021;Scopus;;;;;10.1007/978-981-15-6876-3_41;;;;;;;;
"Factors associated to student success in online learning: a data mining analysis; [Factores asociados al éxito de los estudiantes en modalidad de aprendizaje en línea: un análisis en minería de datos]";Mancilla-Vela, Gabriela and Leal-Gatica, Paola and Sánchez-Ortiz, Aurora and Vidal-Silva, Cristian;Formacion Universitaria;2020;Scopus;;;;;10.4067/S0718-50062020000600023;;;;;;;;
"Analysis of the academic performance of systems engineering students, desertion possibilities and proposals for retention; [Análisis del rendimiento académico de los estudiantes de ingeniería de sistemas, posibilidades de deserción y propuestas para su retención]";Bedregal-Alpaca, Norka and Tupacyupanqui-Jaén, Doris and Cornejo-Aparicio, Víctor;Ingeniare;2020;Scopus;;;;;10.4067/S0718-33052020000400668;;;;;;;;
"Prediction of academic performance using artificial intelligence techniques; [Predicción del rendimiento académico por medio de técnicas de inteligencia artificial]";Castrillón, Omar D. and Sarache, William and Ruiz-Herrera, Santiago;Formacion Universitaria;2020;Scopus;;;;;10.4067/S0718-50062020000100093;;;;;;;;
Predictive model for estimating internal transfer of Informatics Engineering students;Kohler, Jacqueline and Bello-Robles, Felipe Andres and Luis Jara, Jose;Proceedings - International Conference of the Chilean Computer Science Society, SCCC;2020;Scopus;;;;;10.1109/SCCC51225.2020.9281230;;;;;;;;
"Prediction of main variables that lead to student dropout by using data mining techniques; [Predicción de las principales variables que conllevan al abandono estudiantil por medio de técnicas de minería de datos]";Castrillón-Gómez, Omar D. and Sarache, William and Ruiz-Herrera, Santiago;Formacion Universitaria;2020;Scopus;;;;;10.4067/S0718-50062020000600217;;;;;;;;
Automation of an Educational Data Mining Model Applying Interpretable Machine Learning and Auto Machine Learning;Novillo Rangone, Gabriel and Pizarro, Carlos and Montejano, German;Smart Innovation, Systems and Technologies;2022;Scopus;;;;;10.1007/978-981-16-5792-4_3;;;;;;;;
Artificial neural networks in academic performance prediction: Systematic implementation and predictor evaluation;Rodríguez-Hernández, Carlos Felipe and Musso, Mariel and Kyndt, Eva and Cascallar, Eduardo;Computers and Education: Artificial Intelligence;2021;Scopus;;;;;10.1016/j.caeai.2021.100018;;;;;;;;
Student Dropout Model Based on Logistic Regression;Cuji Chacha, Blanca Rocio and Gavilanes López, Wilma Lorena and Vicente Guerrero, Víctor Xavier and Villacis Villacis, Wilma Guadalupe;Communications in Computer and Information Science;2020;Scopus;;;;;10.1007/978-3-030-42520-3_26;;;;;;;;
Student Dropout Prediction using 1D CNN-LSTM with Variational Autoencoder Oversampling;Coppo, Eduarda C. and Caetano, Rhuan S. and De Lima, Leandro M. and Krohling, Renato A.;Proceedings - 2022 IEEE Latin American Conference on Computational Intelligence, LA-CCI 2022;2022;Scopus;;;;;10.1109/LA-CCI54402.2022.9981340;;;;;;;;
An Overview on the Use of Educational Data Mining for Constructing Recommendation Systems to Mitigate Retention in Higher Education;De Oliveira, Thiago Nazareth and Bernardini, Flavia and Viterbo, Jose;Proceedings - Frontiers in Education Conference, FIE;2021;Scopus;;;;;10.1109/FIE49875.2021.9637207;;;;;;;;
Analysis of Student Performance and Social-economic Data in Introductory Computer Science Courses at the University of Brasília;Fonseca Silveira, Rodrigo and Holanda, Maristela and Ramos, Guilherme N. and Victorino, Marcio and Da Silva, Dilma;Proceedings - Frontiers in Education Conference, FIE;2022;Scopus;;;;;10.1109/FIE56618.2022.9962408;;;;;;;;
Comparison of Predictive Models with Balanced Classes for the Forecast of Student Dropout in Higher Education;Flores, Vaneza and Heras, Stella and Julián, Vicente;Communications in Computer and Information Science;2021;Scopus;;;;;10.1007/978-3-030-85710-3_12;;;;;;;;
"Academic performance prediction by machine learning as a success/failure indicator for engineering students; [Predicción del rendimiento académico como indicador de éxito/fracaso de los estudiantes de ingeniería, mediante aprendizaje automático]";Contreras, Leonardo E. and Fuentes, Hséctor J. and Rodrfguez, Jossé I.;Formacion Universitaria;2020;Scopus;;;;;10.4067/S0718-50062020000500233;;;;;;;;
Predicting Computer Engineering Students’ Dropout In Cuban Higher Education With Pre-Enrollment and Early Performance Data;Alvarez, Niurys Lázaro and Callejas, Zoraida and Griol, David;Journal of Technology and Science Education;2020;Scopus;;;;;10.3926/jotse.922;;;;;;;;
Student Dropout Prediction in MOOC using Machine Learning Algorithms;Magalhaes, Elias B. M. and Santos, Giovanni A. and Molina, Francisco Carlos D. and Da Costa, Joao Paulo J. and De Mendonca, Fabio L. L. and De Sousa, Rafael T.;2021 Workshop on Communication Networks and Power Systems, WCNPS 2021;2021;Scopus;;;;;10.1109/WCNPS53648.2021.9626227;;;;;;;;
Prediction of student's retention in first year of engineering program at a technological chilean university;Dombrovskaia, Lioubov and Del Rio, Jose P. and Rodriguez, Patricio;Proceedings - International Conference of the Chilean Computer Science Society, SCCC;2020;Scopus;;;;;10.1109/SCCC51225.2020.9281195;;;;;;;;
"MIC MAC method applied to the identification of key variables for reducing student dropout, case of the Business Administration program – UNAD, Colombia; [Método MIC MAC aplicado a la identificación de variables clave para reducir el abandono estudiantil, caso programa Administración de empresas – UNAD, Colombia]";Narváez-Ferrín, María Erika and Cervantes Muñoz, Maria Angélica;Revista Academia and Negocios;2021;Scopus;;;;;10.29393/RAN6-6MMMN20006;;;;;;;;
Using Data Mining Techniques to Perform School Dropout Prediction: A Case Study;Ribeiro, Renato Carauta and Canedo, Edna Dias;Advances in Intelligent Systems and Computing;2020;Scopus;;;;;10.1007/978-3-030-43020-7_28;;;;;;;;
Model for Prediction of Student Dropout in a Computer Science Course;Costa, Alexandre G. and Mattos, Julio C. B. and Primo, Tiago Thompsen and Cechinel, Cristian and Munoz, Roberto;Proceedings - 2021 16th Latin American Conference on Learning Technologies, LACLO 2021;2021;Scopus;;;;;10.1109/LACLO54177.2021.00020;;;;;;;;
Discovering an Aid Policy to Minimize Student Evasion Using Offline Reinforcement Learning;De Lima, Leandro M. and Krohling, Renato A.;Proceedings of the International Joint Conference on Neural Networks;2021;Scopus;;;;;10.1109/IJCNN52387.2021.9534159;;;;;;;;
Early prediction of dropout in online courses using Artificial Neural Networks;Aguirre Montano, Hermel Santiago and Cabrera-Loayza, Ma. Carmen;Proceedings of the 15th Latin American Conference on Learning Technologies, LACLO 2020;2020;Scopus;;;;;10.1109/LACLO50806.2020.9381190;;;;;;;;
An early warning dropout model in higher education degree programs: A case study in Ecuador;Heredia-Jimenez, Vanessa and Jimenez, Alberto and Ortiz-Rojas, Margarita and Marín, Jon Imaz and Moreno-Marcos, Pedro Manuel and Muñoz-Merino, Pedro J. and Kloos, Carlos Delgado;CEUR Workshop Proceedings;2020;Scopus;;;;;;;;;;;;;
A Moodle Component for Data Visualization with Applied Learning Analytics for Students;Barbachano-Chiu, M. and Menéndez-Domínguez, V. and Curi-Quintal, L.;International Conference on Computer Supported Education, CSEDU - Proceedings;2022;Scopus;;;;;10.5220/0011125500003182;;;;;;;;
Identification of factors that affect the academic performance of high school students in Peru through a machine learning algorithm;Acosta, Lady Denisse Infante and Polo, Jonatán Edward Rojas;Proceedings of the LACCEI international Multi-conference for Engineering, Education and Technology;2021;Scopus;;;;;10.18687/LACCEI2021.1.1.68;;;;;;;;
Virtual Education: Impact of Socio-emotional and Pedagogical Factors on Academic Performance based on Neural Networks and Stepwise Regression;Rocha, José Luis Morales and Zela, Mario Aurelio Coyla and Torres, Nakaday Irazema Vargas and Rojas, Jarol Teófilo Ramos and Valderrama, Santos Octavio Morillos and Medina, Genciana Serruto;Proceedings of the LACCEI international Multi-conference for Engineering, Education and Technology;2021;Scopus;;;;;10.18687/LACCEI2021.1.1.459;;;;;;;;
"Patterns to Identify Dropout University Students with Educational Data Mining; [Patrones que identifican a estudiantes universitarios desertores aplicando minería de datos educativa]";Urbina-Nájera, Argelia Berenice and Téllez-Velázquez, Arturo and Barbosa, Raúl Cruz;Revista Electronica de Investigacion Educativa;2021;Scopus;;;;;10.24320/REDIE.2021.23.E29.3918;;;;;;;;
"Student desertion, factors associated with decision trees: the case of a graduate school at a public university in Peru; [Deserción de estudiantes, factores asociados con árboles de decisión: caso Escuela de Postgrado de una Universidad pública en Perú]";Díaz, Brenda and Marín, William and Lioo, Flor and Baldeos, Luis and Villanueva, Dalila and Ausejo, Jose;RISTI - Revista Iberica de Sistemas e Tecnologias de Informacao;2022;Scopus;;;;;;;;;;;;;
Applying Data Mining Techniques to Determine Frequent Pattems in Student Dropout: A Case Study;Paz, Hugo Roger and Abdala, Norma Carolina;EDUNINE 2022 - 6th IEEE World Engineering Education Conference: Rethinking Engineering Education After COVID-19: A Path to the New Normal, Proceedings;2022;Scopus;;;;;10.1109/EDUNINE53672.2022.9782379;;;;;;;;
"Construction of a model based on neural networks to determine the duration of Engineering studies in a public university in Peru; [Construcción de un modelo basado en redes neuronales para determinar la duración de los estudios de Ingeniería en una universidad pública en el Perú]";Tocto, Paul and Huamaní, Gloria Teresita and Zuloaga, Luis;Proceedings of the LACCEI international Multi-conference for Engineering, Education and Technology;2021;Scopus;;;;;10.18687/LACCEI2021.1.1.397;;;;;;;;
Role of absence in academic success: an analysis using visualization tools;Etemadpour, Ronak and Zhu, Yongcheng and Zhao, Qizhi and Hu, Yilun and Chen, Bohan and Sharier, Mohammed Asif and Zheng, Shirong and S. Paiva, Jose Gustavo;Smart Learning Environments;2020;Scopus;;;;;10.1186/s40561-019-0112-3;;;;;;;;
"Students’ Perceptions About Professors Feedback and Academic Achievement; [Percepções de estudantes do ensino superior sobre o feedback docente e desempenho acadêmico]; [Percepciones de Los Estudiantes de Educación Superior Sobre el Feedback Y el Desempeño Académico]";Silva de Carvalho Ramos, Juana and Carvalho, Carolina Fernandes;Revista Brasileira de Educacao;2021;Scopus;;;;;10.1590/S1413-24782021260081;;;;;;;;
"A proposal of Machine Learning model to improve learning process and reduce dropout rate at technical training institutes; [Propuesta de un modelo Machine Learning para mejorar el proceso de aprendizaje y disminuir la deserción de estudiantes en el nivel superior tecnológico]";Apaza, Libia Aurora Ventura and Huamani, Jimmy Aurelio Rosales and Bernedo, Juan Oswaldo Alfaro and Chauca, Abraham Gerardo Zamudio;Iberian Conference on Information Systems and Technologies, CISTI;2021;Scopus;;;;;10.23919/CISTI52073.2021.9476370;;;;;;;;
Undergraduate Students' Effectiveness in an Institution with High Dropout Index;Oliveira, Joao Lucas and Paula Ambrosio, Ana and Silva, Uyara and Brancher, Jacques and Franco, Jacinto Jose;Proceedings - Frontiers in Education Conference, FIE;2020;Scopus;;;;;10.1109/FIE44824.2020.9274108;;;;;;;;
Educators in the loop: Using scenario simulation as a tool to understand and investigate predictive models of student dropout risk in distance learning;Freitas, Rômulo and Salgado, Luciana;Lecture Notes in Computer Science (including subseries Lecture Notes in Artificial Intelligence and Lecture Notes in Bioinformatics);2020;Scopus;;;;;10.1007/978-3-030-50334-5_17;;;;;;;;
Prediction of academic dropout in university students using data mining: Engineering case;Silva, Jesús and Matos, Luisa Fernanda Arrieta and Mosquera, Claudia Medina and Mercado, Carlos Vargas and González, Rosio Barrios and Llinás, Nataly Orellano and Lezama, Omar Bonerge Pineda;Lecture Notes in Electrical Engineering;2020;Scopus;;;;;10.1007/978-981-15-3125-5_49;;;;;;;;
Not Another Hardcoded Solution to the Student Dropout Prediction Problem: A Novel Approach Using Genetic Algorithms for Feature Selection;Cheng, Yixin and Pereira Nunes, Bernardo and Manrique, Rubén;Lecture Notes in Computer Science (including subseries Lecture Notes in Artificial Intelligence and Lecture Notes in Bioinformatics);2022;Scopus;;;;;10.1007/978-3-031-09680-8_23;;;;;;;;
Early dropout prediction model: A case study of university leveling course students;Sandoval-Palis, Iván and Naranjo, David and Vidal, Jack and Gilar-Corbi, Raquel;Sustainability (Switzerland);2020;Scopus;;;;;10.3390/su12229314;;;;;;;;
A predictive model implemented in knime based on learning analytics for timely decision making in virtual learning environments;Maraza-Quispe, Benjamín and Valderrama-Chauca, Enrique Damián and Cari-Mogrovejo, Lenin Henry and Apaza-Huanca, Jorge Milton and Sanchez-Ilabaca, Jaime;International Journal of Information and Education Technology;2022;Scopus;;;;;10.18178/ijiet.2022.12.2.1591;;;;;;;;
Investigating the Importance of Student Location and Time Spent Online in Academic Performance and Self-regulation;Ocaña, Mauro and Mejía, Rebeca and Larrea, Carolina and Cruz, Estefanía and Santana, Leonardo and Empinotti, Marina;Advances in Intelligent Systems and Computing;2021;Scopus;;;;;10.1007/978-3-030-68083-1_31;;;;;;;;
Estimating expected student academic performance;Orozco, Walter and Rodríguez-García, Miguel Ángel and Fernández, Alberto;Advances in Intelligent Systems and Computing;2021;Scopus;;;;;10.1007/978-3-030-57799-5_13;;;;;;;;
Predictive data analysis techniques applied to dropping out of university studies;Aguirre, Cindy Espinoza and Perez, Jesus Carretero;Proceedings - 2020 46th Latin American Computing Conference, CLEI 2020;2020;Scopus;;;;;10.1109/CLEI52000.2020.00066;;;;;;;;
Predictive Academic Performance Model to Support, Prevent and Decrease the University Dropout Rate;Bustamante, Diego and Garcia-Bedoya, Olmer;Communications in Computer and Information Science;2021;Scopus;;;;;10.1007/978-3-030-89654-6_16;;;;;;;;
Identifying the features of graduated students of the Computer Science degree of the National University of Asuncion;Roman Mancuello, Jesus Gabriel and Rios Alvarez, Luis Fernando and Paciello Coronel, Julio Manuel and Mendez Xavier, Ellen Lujan and von Lucken Martinez, Christian Daniel;Proceedings IMCIC - International Multi-Conference on Complexity, Informatics and Cybernetics;2024;Scopus;;;;;10.54808/IMCIC2024.01.89;;;;;;;;
Academic Performance Predicting Model based on Machine Learning and Keller's Motivation Measure;Laurens, Luis and Hernández-García, Ruber;Proceedings - International Conference of the Chilean Computer Science Society, SCCC;2022;Scopus;;;;;10.1109/SCCC57464.2022.10000282;;;;;;;;
Data Mining Applied in School Dropout Prediction;Viloria, Amelec and García Guliany, Jesús and Niebles Núẽz, William and Hernández Palma, Hugo and Niebles Núẽz, Leonardo;Journal of Physics: Conference Series;2020;Scopus;;;;;10.1088/1742-6596/1432/1/012092;;;;;;;;
Predicting Student Success in Higher Education with Social, Economic, and Education Variables Using Machine Learning Techniques;Bojorque, Rodolfo and Plaza, Andrea and Moscoso, Fernando;Lecture Notes in Networks and Systems;2024;Scopus;;;;;10.1007/978-981-97-3302-6_17;;;;;;;;
Predictive modeling based on machine learning strategies to forecast student dropout at a Peruvian university: A case study;Magdalena Aguilar Lopez, Kristelly and Carbajal Ortega, Yuri and Giovanni Martinez Hilario, Daril and Rodriguez, Sol;Proceedings of the LACCEI international Multi-conference for Engineering, Education and Technology;2024;Scopus;;;;;10.18687/LACCEI2024.1.1.1316;;;;;;;;
Analysis of Student Performance Applying Data Mining Techniques in a Virtual Learning Environment;Aguagallo, Leonardo and Salazar-Fierro, Fausto and García-Santillán, Janneth and Posso-Yépez, Miguel and Landeta-López, Pablo and García-Santillán, Iván;International Journal of Emerging Technologies in Learning;2023;Scopus;;;;;10.3991/ijet.v18i11.37309;;;;;;;;
Data Mining to Identify University Student Dropout Factors;Reina Marín, Yuri and Quiñones Huatangari, Lenin and Cruz Caro, Omer and Maicelo Guevara, Jorge Luis and Alva Tuesta, Judith Nathaly and Sánchez Bardales, Einstein and Chávez Santos, River;Applied Sciences (Switzerland);2025;Scopus;;;;;10.3390/app152211911;;;;;;;;
"Smart leveling: An AI-driven adaptive learning strategy in higher education; [Nivelación inteligente: Estrategia de aprendizaje adaptativo con IA en educación superior]";Aldape-Valdes, Patricia and Rincon-Flores, Elvira G. and Castano, Leticia and Guerrero, Sadie;RIED-Revista Iberoamericana de Educacion a Distancia;2026;Scopus;;;;;10.5944/ried.45482;;;;;;;;
Supervised machine learning algorithms for predicting student dropout and academic success: a comparative study;Villar, Alice and de Andrade, Carolina Robledo Velini;Discover Artificial Intelligence;2024;Scopus;;;;;10.1007/s44163-023-00079-z;;;;;;;;
Cluster Analysis Using k-Means in School Dropout;Lee Hernández, Luis Earving and Castán-Rocha, José Antonio and Ibarra-Martínez, Salvador and Terán-Villanueva, Jésus David and Treviño-Berrones, Mayra Guadalupe and Laria-Menchaca, Julio;Studies in Big Data;2023;Scopus;;;;;10.1007/978-3-031-38325-0_1;;;;;;;;
Predicting student dropout risk using machine learning: A case study at the Technical University of Manabí;Cuzme Romero, María Gabriela and Meza, Jaime and García, Rodolfo;Kasetsart Journal of Social Sciences;2025;Scopus;;;;;10.34044/j.kjss.2025.46.2.27;;;;;;;;
A Visual Representation–Based Computational Approach for Student Dropout Analysis: A Case Study in Colombia;Briñez-De-León, Juan-Carlos and Patiño-Hoyos, Alejandra-Estefanía and Restrepo-Loaiza, Farley-Albeiro and Cardona-Osorio, Gabriel-Jaime;Computation;2025;Scopus;;;;;10.3390/computation13120284;;;;;;;;
A Score approach to identify the risk of students dropout: an experiment with Information Systems Course;da Cruz, Robinson Crusoé and Juliano, Renato Correa and Souza, Francisco Carlos M. and Correa Souza, Alinne C.;ACM International Conference Proceeding Series;2023;Scopus;;;;;10.1145/3592813.3592896;;;;;;;;
"Machine learning application in university management: Classification model Dropping out of engineering students in Peru; [Aplicación aprendizaje automático en la gestión universitaria: Modelo de clasificación de la deserción de los estudiantes en Ingeniería en el Perú]";Tocto, Paul and Huamaní, Gloria Teresita and Zuloaga, Luis;Proceedings of the LACCEI international Multi-conference for Engineering, Education and Technology;2023;Scopus;;;;;;;;;;;;;
Predictive Model to Reduce Undergraduate Student Dropout at the Army Scientific and Technological Institute of Peru;Mariscal Carhuamaca, Víctor and Quinto Huamán, Carlos and Madeleine Rojas Cangahuala, Gladys and Fernández Muriel, Patricia and Godoy Caso, Juan;Proceedings of the LACCEI international Multi-conference for Engineering, Education and Technology;2024;Scopus;;;;;10.18687/LACCEI2024.1.1.571;;;;;;;;
Machine learning model (RG-DMML) and ensemble algorithm for prediction of students’ retention and graduation in education;Okoye, Kingsley and Nganji, Julius T. and Escamilla, Jose and Hosseini, Samira;Computers and Education: Artificial Intelligence;2024;Scopus;;;;;10.1016/j.caeai.2024.100205;;;;;;;;
"University research with artificial intelligence; [Investigación universitaria con inteligencia artificial]";Meza, Cedeño and Guillermo, Jorge and Rosado, Maitta and Solange, Inger and Zambrano, Vélez and Liliana, Mónica and Zambrano, Palomeque and Yadira, Jeniffer;Revista Venezolana de Gerencia;2024;Scopus;;;;;10.52080/rvgluz.29.106.23;;;;;;;;
Using Design-Based Research for an Academic Dropout and Retention Dashboard;Heredia-Jimenez, Vanessa and Yaguana, Jhony and Jiménez-Macías, Alberto and Ortiz-Rojas, Margarita;2023 9th International Conference on eDemocracy and eGovernment, ICEDEG 2023;2023;Scopus;;;;;10.1109/ICEDEG58167.2023.10122065;;;;;;;;
Influence of the Entry Profile for the Software Engineering Bachelor Degree on a Successful Academic Trajectory: Case Study;Rebolledo, Isabel Vega and Sanchez-Garcia, Angel J. and Munoz Leon, Jose Juan and Cortes-Verdin, Karen and Ocharan-Hernandez, Jorge Octavio;Proceedings - 2024 12th International Conference in Software Engineering Research and Innovation, CONISOFT 2024;2024;Scopus;;;;;10.1109/CONISOFT63288.2024.00051;;;;;;;;
Analyzing College Student Dropout Risk Prediction in Real Data Using Walk-Forward Validation;Santos, Rodolfo Sanches and Ponti, Moacir Antonelli and Rodrigues, Kamila Rios;Lecture Notes in Computer Science (including subseries Lecture Notes in Artificial Intelligence and Lecture Notes in Bioinformatics);2023;Scopus;;;;;10.1007/978-3-031-45368-7_19;;;;;;;;
Predicting university student dropouts in Latin America using machine learning;Andrade-Arenas, Laberiano and Rubio Paucar, Inoc and Giraldo Retuerto, Margarita and Yactayo-Arias, Cesar;IAES International Journal of Artificial Intelligence;2026;Scopus;;;;;10.11591/ijai.v15.i1.pp628-641;;;;;;;;
"Modelo de clasificación para la deserción estudiantil en las universidades públicas del Perú; [Classification model for student dropout in public universities in Peru]";Villarreal-Torres, Henry and Ángeles-Morales, Julio and Marín-Rodriguez, William and Cano-Mejía, Jenny;Revista de Ciencias Sociales;2024;Scopus;;;;;10.31876/rcs.v30i1.41667;;;;;;;;
An Enhanced Artificial Neural Network Approach To Predict Student Dropout From Imbalanced Datasets;Nascimento, Alexandre Moreira and Carolina, Anna and Shimanuki, Gabriel Kenji Godoy;"International Conference on Information Systems, ICIS 2023: ""Rising like a Phoenix: Emerging from the Pandemic and Reshaping Human Endeavors with Digital Technologies""";2023;Scopus;;;;;;;;;;;;;
Geographic Patterns of Academic Dropout and Socioeconomic Characteristics Using Clustering;Choque-Soto, Vanessa Maribel and Sosa-Jauregui, Victor Dario and Ibarra, Waldo;Lecture Notes in Networks and Systems;2023;Scopus;;;;;10.1007/978-3-031-33258-6_47;;;;;;;;
Classification of Academic Achievement in Upper-Middle Education in Veracruz, Mexico: A Computational Intelligence Approach;Céspedes-González, Yaimara and Otero Escobar, Alma Delia and Molero-Castillo, Guillermo and Ricárdez Jiménez, Jerónimo Domingo;Lecture Notes in Networks and Systems;2024;Scopus;;;;;10.1007/978-3-031-54053-0_26;;;;;;;;
Early Predictive Modeling of Engineering Student Attrition: An Ai-Driven Machine Learning Approach;Posadas, Marcos Francisco Esparza and Esquivel, Noé Ávila and Sánchez, José Iván Valdez;WEEF-GEDC 2025 - World Engineering Education Forum - Global Engineering Deans Council Annual Conference, in conjunction with the KSEE Annual Conference 2025: Engineering Education We Need, Conference Proceedings;2025;Scopus;;;;;10.1109/WEEF-GEDC66748.2025.11256450;;;;;;;;
"Classification Tree for the Identification of Symptoms Associated with Depression in Students of a Public University; [Árbol de clasificación para la identificación de síntomas asociados a la depresión en estudiantes de una universidad pública]";Ruiz, Francisco Antonio Amú and Bustamante, David Alejandro Gonzalez and González, Kevin Ortiz and Sandoval, Karol Michelle;Retos;2024;Scopus;;;;;10.47197/RETOS.V52.100138;;;;;;;;
Insights into Factors Influencing Academic Success: An Application of Classification Models in Higher Education;Balderrama, Liliana Terrazas and Lima, Danielli Araújo;Artificial Intelligence and Applications;2024;Scopus;;;;;10.47852/bonviewAIA32021465;;;;;;;;
Validation of the GAEU-1 Acale to Assess the Learning Management of University Students;Ramos-Galarza, Carlos and García-Cruz, Patricia and Lepe-Martínez, Nancy and Del Valle, Milenko and Bolaños-Pasquel, Mónica and Cruz-Cárdenas, Jorge;Emerging Science Journal;2023;Scopus;;;;;10.28991/ESJ-2023-SIED2-019;;;;;;;;
"Analysis of variables associated with academic performance on online university courses; [Análisis de variables asociadas al rendimiento académico en cursos universitarios virtuales]";Gil-Vera, Víctor D. and Quintero-López, Catalina;Formacion Universitaria;2023;Scopus;;;;;10.4067/S0718-50062023000400033;;;;;;;;
"Classification model for student attrition in a Peru public university; [Modelo de clasificación para la deserción estudiantil en una universidad pública del Perú]";Torres, Henry Villarreal and Rodriguez, William Marín and Morales, Julio Ángeles and Mejía, Jenny Cano and Murillo, Carmen Mejía;Salud, Ciencia y Tecnologia - Serie de Conferencias;2023;Scopus;;;;;10.56294/sctconf2023175;;;;;;;;
"Application of Data Mining for the Prediction of Academic Performance in University Engineering Students at the National Autonomous University of Mexico, 2022; [Aplicación de la Minería de Datos para la Predicción de Rendimiento Académico en Estudiantes Universitarios de Ingeniería en la Universidad Nacional Autónoma de México, 2022]";Meneses Claudio, Brian Andreé;LatIA;2024;Scopus;;;;;10.62486/latia202414;;;;;;;;
Predictive Model with Machine Learning for Academic Performance;Cecenardo-Galiano, Carlos and Sumaran-Pedraza, Carolina and Obregon-Palomino, Luz and Iparraguirre-Villanueva, Orlando and Cabanillas-Carbonell, Michael;Lecture Notes in Networks and Systems;2024;Scopus;;;;;10.1007/978-981-99-3043-2_81;;;;;;;;
Analyzing University Dropout Rates Using Bayesian Methods: A Case Study in University Level in Mexico;de la Cruz, José Ramón and Hernández-Romero, Diana L. and Arguijo, Pedro and Herazo, Luis Carlos Sandoval and Meléndez-Armenta, Roberto Ángel;Lecture Notes in Networks and Systems;2024;Scopus;;;;;10.1007/978-3-031-60224-5_18;;;;;;;;
Academic Prediction in Multi-modal Learning Environments Using Data Fusion;Chango, Wilson and Logroño, Santiago and Salguero, Ana and Estrada, Nestor;Lecture Notes in Networks and Systems;2024;Scopus;;;;;10.1007/978-3-031-70981-4_5;;;;;;;;
Easing the Prediction of Student Dropout for everyone integration AutoML and Explainable Artificial Intelligence;Buñay-Guisñan, Pamela and Lara, Juan Alfonso and Cano, Alberto and Cerezo, Rebeca and Romero, Cristóbal;Proceedings of the International Conference on Educational Data Mining;2024;Scopus;;;;;10.5281/zenodo.12729972;;;;;;;;
Academic risk model through the analytical hierarchical process;Oña, Ana and Burgos, Carmen and Castillo, Jorge and Molina, Manuel and Murillo, Milena;Frontiers in Education;2025;Scopus;;;;;10.3389/feduc.2025.1515877;;;;;;;;
"Learning styles and academic performance in the digital era in Peruvian engineering students; [Estilos de aprendizaje y rendimiento académico en la era digital en estudiantes peruanos de ingeniería]";Arias-Pittman, José Augusto and Manrique-Quiñonez, Javier Alberto and Espinoza-Morimoto, Manuel and Barrera-Loza, Ana Doris Magdalena;Revista de Ciencias Sociales;2023;Scopus;;;;;10.31876/rcs.v29i4.41235;;;;;;;;
Unveiling Success: An Analysis of Academic Performance Predictors in a Private High School in Mexico Through Learning Analytics;Velarde-Camaqui, Davis and Peláez-Sánchez, Iris Cristina and Viehmann, Cristina;Lecture Notes in Educational Technology;2024;Scopus;;;;;10.1007/978-981-97-1814-6_82;;;;;;;;
AN EARLY WARNING SYSTEM FOR SCHOOL DROPOUT IN THE STATE OF ESPÍRITO SANTO: A MACHINE LEARNING APPROACH WITH VARIABLE SELECTION METHODS;Pereira, Guilherme Armando de A. and Demura, Kiara de Deus and de Carvalho Nunes, Iago and de Paula, Katia Cesconeto and Lira, Pablo Silva;Pesquisa Operacional;2024;Scopus;;;;;10.1590/0101-7438.2023.043.00275092;;;;;;;;
Student Dropout Prediction in High Education, Using Machine Learning and Deep Learning Models: Case of Ecuadorian University;Davila, Gonzalo and Haro, Juan and Gonzalez-Eras, Alexandra and Vivanco, Omar Ruiz and Coronel, Daniel Guaman;Proceedings - 2023 International Conference on Computational Science and Computational Intelligence, CSCI 2023;2023;Scopus;;;;;10.1109/CSCI62032.2023.00277;;;;;;;;
Comparative Study of Multivariate Statistical Methods for Predicting the Academic Performance of Students at the University of Guayaquil;Ortiz-Reinoso, Dalia and Sánchez-Pozo, Nadia N.;Lecture Notes in Networks and Systems;2024;Scopus;;;;;10.1007/978-3-031-51982-6_8;;;;;;;;
Early Prediction of University Student Dropout Using Machine Learning Models;Quispe, José Orlando Quintana and Toledo, Osmar Cuentas and Toledo, Maryluz Cuentas and Llatasi, Elmer Elio Calizaya and Saira, Elizabeth Marina Ramos;Nanotechnology Perceptions;2024;Scopus;;;;;10.62441/nano-ntp.v20iS5.62;;;;;;;;
"Main influential factors in academic performance. Analysis from data mining; [Principales factores influyentes en el rendimiento académico. Análisis desde la minería de datos]";Danilo Castrillón, Omar and Antero Arango, Jaime and Castillo-Ossa, Luis Fernando;Ingeniare;2024;Scopus;;;;;10.4067/s0718-33052024000100245;;;;;;;;
Prediction of student dropout using Artificial Intelligence algorithms;Martínez, Jairo and Castillo, Dodanim;Procedia Computer Science;2024;Scopus;;;;;10.1016/j.procs.2024.11.182;;;;;;;;
Corrigendum: Artificial neural network model to predict student performance using nonpersonal information (Front. Educ., (2023), 8, (1106679), 10.3389/feduc.2023.1106679);Chavez, Heyul and Chavez-Arias, Bill and Contreras-Rosas, Sebastian and Alvarez-Rodríguez, Jose María and Raymundo, Carlos;Frontiers in Education;2023;Scopus;;;;;10.3389/feduc.2023.1171995;;;;;;;;
A STACKING BASED HYBRID TECHNIQUE TO PREDICT STUDENT DROPOUT AT UNIVERSITIES;Daza, Alfredo;Journal of Theoretical and Applied Information Technology;2022;Scopus;;;;;;;;;;;;;
Support System to Predict Student Dropout in Universities;Rivero-Albarrán, D. and Guerra Torrealba, L. and Arciniegas Aguirre, S. and Alexander, Ortiz;Smart Innovation, Systems and Technologies;2023;Scopus;;;;;10.1007/978-981-19-6347-6_1;;;;;;;;
Prediction of university dropouts through random forest-based models;Torres-Cruz, Fred and Pari-Condori, Elqui Yeye and Tumi-Figueroa, Ernesto Nayer and Coyla-Idme, Leonel and Tito-Lipa, Jose and Gonzalez, Leonid Aleman and Tumi-Figueroa, Alfredo;Journal of Advanced Pharmacy Education and Research;2025;Scopus;;;;;10.51847/PFB18QB60J;;;;;;;;
A New Institutional Dataset Proposal for Timely Graduation in Chilean Higher Education;Yáñez, Andres and Crawford, Broderick and Monfroy, Eric and Paz, Álex and Soto, Ricardo and Barrera-García, José and Cisternas-Caneo, Felipe and López Cortés, Benjamín;Communications in Computer and Information Science;2026;Scopus;;;;;10.1007/978-3-032-08206-0_29;;;;;;;;
Building Generalizable Models for Student Retention: A Multi-Source Validation Framework for the Peruvian Higher Education Context;Cardenas, Giovanny Angelo Egoavil and Pachamango, Ivonne Yamille Ruiz and Ventocilla, Adolfo Jorge Prado and Eskenazy, Edwin Jorge Montes;Proceedings of the 2025 IEEE 32nd International Conference on Electronics, Electrical Engineering and Computing, INTERCON 2025;2025;Scopus;;;;;10.1109/INTERCON67304.2025.11244379;;;;;;;;
"A Gender Gap Analysis on Academic Performance in Engineering Students on Admission and Exit Standardized Tests; [Análisis de brechas de género en el desempeño académico en pruebas de admisión y egreso en programas de Ingeniería]";Gallego, Luis E. and Casadiego, María A.;Ingenieria e Investigacion;2023;Scopus;;;;;10.15446/ing.investig.103276;;;;;;;;
Research Plan on the Effects of Interventions on Dropout Predictions for Higher Education Institutions;Talamás-Carvajal, Juan Andrés;Lecture Notes in Educational Technology;2024;Scopus;;;;;10.1007/978-981-97-1814-6_77;;;;;;;;
Applying DevOps Practices for Machine Learning: Case Study Predicting Academic Performance;Valdiviezo-Diaz, Priscila and Guamán, Daniel;Lecture Notes in Networks and Systems;2024;Scopus;;;;;10.1007/978-3-031-60227-6_27;;;;;;;;
Towards a Learning Analytics Model in Higher Education Applied to a LMS in Virtual Education Based on Motivation Indicators for Permanence;Salas-Martinez, Angel and Ramirez-Martinell, Alberto and Martinez-Ramos, Samuel;Proceedings - 2024 12th International Conference in Software Engineering Research and Innovation, CONISOFT 2024;2024;Scopus;;;;;10.1109/CONISOFT63288.2024.00052;;;;;;;;
Predicting Academic Performance Path Using Classification Algorithms;Saire-Peralta, Edwar Abril and Córdova-Martínez, Maria Del Carmen;International Journal of Information and Education Technology;2023;Scopus;;;;;10.18178/ijiet.2023.13.12.2002;;;;;;;;
"Factors influencing the academic performance of first-year medical students; [Factores que influyen en el rendimiento académico de estudiantes del primer curso de la carrera de Medicina]";Alba Zayas, Lázaro Elier and Fernández Regalado, Raúl and Vicedo Tomey, Agustín and Díaz Suárez, Rosa and Candia Guada, Blanca and Tárano Cartaya, Gilberto and Bacallao Gallestey, Jorge and Cardero García, Josefa;Salud, Ciencia y Tecnologia - Serie de Conferencias;2025;Scopus;;;;;10.56294/SCTCONF2025662;;;;;;;;
Predictive Validity of Performance-Based Metacognitive Testing is Superior to Self-report: Evidence from Undergraduate Freshman Students;Castillo-Diaz, Marcio Alexander and Gomes, Cristiano Mauro Assis;Trends in Psychology;2025;Scopus;;;;;10.1007/s43076-023-00290-y;;;;;;;;
The Importance of Motivation in the Collaborative Learning Process in Pandemic and Post-pandemic Undergraduate Students;Martínez-Lazcano, Verónica and Martínez-Alcalá, Claudia Isabel and Prieto-Barboza, Edgar Alexander;Lecture Notes in Networks and Systems;2024;Scopus;;;;;10.1007/978-3-031-73128-0_27;;;;;;;;
Higher Education Students Dropout Prediction;Guarda, Teresa and Barrionuevo, Oscar and Victor, José Avelino;Smart Innovation, Systems and Technologies;2023;Scopus;;;;;10.1007/978-981-19-7689-6_11;;;;;;;;
CSDA-Vis: A (What-If-and-When) visual system for early dropout detection using counterfactual and survival analysis interactions;Garcia-Zanabria, Germain and Gutierrez-Pachas, Daniel A. and Poco, Jorge and Gomez-Nieto, Erick;Computers and Graphics;2026;Scopus;;;;;10.1016/j.cag.2025.104489;;;;;;;;
Monitoring Collaborative Interactions in Online Learning: Insights from Moodle Log Records;Peramunugamage, Anuradha and Ratnayake, Uditha W. and Karunanayaka, Shironica P. and Barbosa, Ellen Francine and Deus, William Simão de and Jayawardena, Chulantha L. and Silva, R.K.J.;Journal of Learning for Development;2025;Scopus;;;;;10.56059/jl4d.v12i2.1554;;;;;;;;
A Data-centric Approach to Tracking Student Academic Performance and Progression;Ibarra-Esquer, Jorge E. and Flores-Rios, Brenda L. and Astorga-Vargas, Maria A. and González-Ramírez, Maria L. and Justo-López, Araceli C. and Chávez-Valenzuela, Gloria E.;IAENG International Journal of Computer Science;2024;Scopus;;;;;;;;;;;;;
A Predictive Model for Academic Performance in Engineering Students;Saavedra-Acuna, Cristian and Quezada-Espinoza, Monica and Gomez, Danilo Alberto;ASEE Annual Conference and Exposition, Conference Proceedings;2025;Scopus;;;;;10.18260/1-2--55380;;;;;;;;
PREDICTING ACADEMIC PERFORMANCE IN UNIVERSITY STUDENTS USING MACHINE LEARNING;Bolaños-Rodríguez, Ernesto and Flores-Amador, Cristina and López-Chau, Asdrúbal and Solis-Galindo, Alonso Ernesto and Zárate-Rosas, Antonio;Journal of Engineering and Technology for Industrial Applications;2024;Scopus;;;;;10.5935/jetia.v10i49.1308;;;;;;;;
Predicting School Dropout and Simulating Educational Scenarios in Colombia Using Machine Learning;Fernandez, Mairely Narvaez and Morales Nunez, Fernando Rafael and Serrezuela, Ruthber Rodriguez and Bermeo Cuenca, Daniel Felipe;8th Congreso Internacional en Inteligencia Ambiental, Ingenieria de Software y Salud Electronica y Movil, AmITIC 2025;2025;Scopus;;;;;10.1109/AmITIC68284.2025.11214605;;;;;;;;
Comparative Analysis of Machine Learning and Deep Learning Algorithms for University Dropout: An Aproach Since CRISP-DM Interactive Pipeline;Briceño-Gaona, Marco and Ruiz-Vivanco, Omar and González-Eras, Alexandra;Lecture Notes in Networks and Systems;2025;Scopus;;;;;10.1007/978-3-031-93109-3_38;;;;;;;;
"Model for Curriculum Analysis Based on Process and Data Mining; [Modelo para el análisis curricular basado en la minería de procesos y datos]";Franco, Juan Camilo Herrera and Duran, Darío Enrique Soto and Jaimes, Aixa Eileen Villamizar;Salud, Ciencia y Tecnologia;2025;Scopus;;;;;10.56294/saludcyt20251494;;;;;;;;
Analyzing Attrition: Predictive Model of Dropout Causes among Engineering Students;Saavedra-Acuna, Cristian and Quezada-Espinoza, Monica and Correa, Danilo Alberto Gomez;ASEE Annual Conference and Exposition, Conference Proceedings;2024;Scopus;;;;;;;;;;;;;
Tailored analysis of dropout in UBA distance postgraduate courses: first results;Anaya, Antonio R. and Gomez, Pablo M. and Lutenberg, Ariel;Proceedings of the International Conference on Educational Data Mining;2024;Scopus;;;;;10.5281/zenodo.12729984;;;;;;;;
Unlocking Student Success: Applying Machine Learning for Predicting Student Dropout in Higher Education;Perez, Margorie and Navarrete, Danny and Baldeon-Calisto, Maria and Guerrero, Yuvinne and Sarmiento, Andre;ISDFS 2025 - 13th International Symposium on Digital Forensics and Security;2025;Scopus;;;;;10.1109/ISDFS65363.2025.11012013;;;;;;;;
Study Hours vs. Exam Results: Academic Success of Students through Performance Prediction;Asencios-Trujillo, Lida and Asencios-Trujillo, Lucia and La-Rosa-Longobardi, Carlos and Gallegos-Espinoza, Djamila;International Journal of Engineering Trends and Technology;2024;Scopus;;;;;10.14445/22315381/IJETT-V72I7P113;;;;;;;;
"Predictive Model Based on Machine Learning for Student Retention in Higher Education; [Modelo Predictivo basado en Aprendizaje Automático para la retención Estudiantil en Educación Superior]";Núñez Villalobos, David Alejandro;European Public and Social Innovation Review;2025;Scopus;;;;;10.31637/epsir-2025-1307;;;;;;;;
"Endogenous and exogenous factors for the modeling and prediction of the academic performance of university students; [Factores endógenos y exógenos para el modelado y predicción del rendimiento académico de estudiantes universitarios]";Incio Flores, Fernando Alain and Capuñay Sanchez, Dulce Lucero;Revista Electronica Interuniversitaria de Formacion del Profesorado;2023;Scopus;;;;;10.6018/reifop.557911;;;;;;;;
Relationship between Entrance Exam Scores, Academic Performance, and Student Dropout Rates: A Longitudinal Case Study;Chaparro-Cruz, Israel N. and Huertas-Condori, Luciana N. and Cabana-Yupanqui, Silvana B. and Chaparro-Guerra, Americo;International Journal of Learning, Teaching and Educational Research;2025;Scopus;;;;;10.26803/ijlter.24.3.11;;;;;;;;
Analysis of Categorical and Numerical Variables for Dropout Intervention in Educational Settings;Gonzalez-Nucamendi, Andres and Noguez, Julieta and Neri, Luis and Robledo-Rella, Victor and Guadalupe García-Castelán, Rosa Maria;Proceedings - Frontiers in Education Conference, FIE;2023;Scopus;;;;;10.1109/FIE58773.2023.10343519;;;;;;;;
"Artificial Neural Network Model to Predict Academic Results in Mathematics II; [Modelo de rede neural artificial para prever resultados acadêmicos em Matemática II]; [Modelo de red neuronal artificial para predecir resultados académicos en la asignatura Matemática II]";Incio-Flores, Fernando Alain and Capuñay-Sanchez, Dulce Lucero and Estela-Urbina, Ronald Omar;Revista Electronica Educare;2023;Scopus;;;;;10.15359/ree.27-1.14516;;;;;;;;
Application of the performance of machine learning techniques as support in the prediction of school dropout;Jiménez-Gutiérrez, Auria Lucia and Mota-Hernández, Cinthya Ivonne and Mezura-Montes, Efrén and Alvarado-Corona, Rafael;Scientific Reports;2024;Scopus;;;;;10.1038/s41598-024-53576-1;;;;;;;;
Analysis of Socio-Economic Factors Associated to the Academic Performance in Paraguay;Beck, Federico Javier and Gómez-Vela, Francisco;Lecture Notes in Networks and Systems;2024;Scopus;;;;;10.1007/978-3-031-75016-8_32;;;;;;;;
"Web Platform for the Predictive Analysis of Student Dropout in a Higher Education Institution in Latin America; [Plataforma Web para el Análisis Predictivo de la Deserción Estudiantil en una Institución de Educación Superior en América Latina]";Blanco López, Jaime and Galeano Ospino, Saray and Niño Manrique, Jhon Fredy and Ramírez Chiquito, Alexander and Gonzalez Santamaría, Andrés Esteban;Proceedings of the LACCEI international Multi-conference for Engineering, Education and Technology;2025;Scopus;;;;;10.18687/LACCEI2025.1.1.1998;;;;;;;;
"Machine learning for the improvement of adaptive learning in university education; [Machine learning para la mejora del aprendizaje adaptativo en la educación Universitaria]";Jara-Abanto, Fabrizzio and Velasquez-Medina, Luis and Meneses-Claudio, Brian;Salud, Ciencia y Tecnologia - Serie de Conferencias;2023;Scopus;;;;;10.56294/sctconf2023473;;;;;;;;
Educational Data Mining: A Predictive Model to Reduce Student Dropout;Redroban, Carlos and Saavedra, Jorge and Leon, Marcelo and Nuñez, Sergio and Echeverria, Fabricio;Lecture Notes in Networks and Systems;2023;Scopus;;;;;10.1007/978-981-19-9331-2_61;;;;;;;;
A model for predicting dropout of higher education students;Rabelo, Anaíle Mendes and Zárate, Luis Enrique;Data Science and Management;2025;Scopus;;;;;10.1016/j.dsm.2024.07.001;;;;;;;;
Machine Learning Model for Predicting Academic Success Through Multi-Criteria Admissions;Arana, Maglioni and Arana, Maribel and Camborda, Maria and Gamarra, Abraham;Proceedings - 9th International Symposium on Accreditation of Engineering and Computing Education, ICACIT 2023;2023;Scopus;;;;;10.1109/ICACIT59946.2023.10403678;;;;;;;;
"Application of Artificial Intelligence Models in Standardized Tests for Optimizing Academic Performance in Higher Education; [Aplicación de Modelos de Inteligencia Artificial en Pruebas Estandarizadas para la Optimización del Rendimiento Académico en Educación Superior]";Morales, Nathalia Orozco and García, Pável Andrei Osorio;European Public and Social Innovation Review;2024;Scopus;;;;;10.31637/epsir-2024-1605;;;;;;;;
Predictive Modeling and Explainability for Academic Dropout Risk Detection Using Machine Learning;Castro, Rodne Quijije and Garcia, Katherine Chiluiza and Jarrin, Enrique Pelaez;International Conference on eDemocracy and eGovernment, ICEDEG;2025;Scopus;;;;;10.1109/ICEDEG65568.2025.11081590;;;;;;;;
Analysis of Machine Learning Models for Academic Performance Prediction;Amaya, Andres Benitez and Barrera, Harold Castro and Manrique, Ruben;Lecture Notes in Computer Science (including subseries Lecture Notes in Artificial Intelligence and Lecture Notes in Bioinformatics);2024;Scopus;;;;;10.1007/978-3-031-63031-6_13;;;;;;;;
Applying Multiple Regression to Evaluate Academic Performance of Students in E-Learning;Esponda-Pérez, Jorge Alberto and Mousse, Mikaël A. and Almufti, Saman M. and Haris, Ikhfan and Erdanova, Sevara and Tsarev, Roman;Lecture Notes in Networks and Systems;2024;Scopus;;;;;10.1007/978-3-031-70595-3_24;;;;;;;;
Academic performance forecasting model based on artificial intelligence at the Faculty of Engineering - Systems and Informatics of the Continental University;Elena and Paula, Sonia and Ríos, Espinoza and Felipe and Néstor and Meza, Gutarra and José and Porfirio and Farías, González;ACM International Conference Proceeding Series;2023;Scopus;;;;;10.1145/3638264.3638283;;;;;;;;
"Predictive model of academic performance and learning based on methodological strategies in a Peruvian public university; [Modelo predictivo del rendimiento académico y el aprendizaje basado en estrategias metodológicas en una universidad pública peruana]";Alfredo Herrera Farfán, José and Jiménez Chinga, Regina and Zeta Vite, Adolfo and Antenor Jurado Rosas, Adolfo and Abanto Cerna, Lemin;Proceedings of the LACCEI international Multi-conference for Engineering, Education and Technology;2024;Scopus;;;;;10.18687/LACCEI2024.1.1.604;;;;;;;;
Course Prophet: A System for Predicting Course Failures with Machine Learning: A Numerical Methods Case Study;Caicedo-Castro, Isaac;Sustainability (Switzerland);2023;Scopus;;;;;10.3390/su151813950;;;;;;;;
Identification of Factors and Teacher Profile Associated with Student Performance Using Fuzzy Techniques and Data Mining;Barba-Guaman, Luis and Valdiviezo-Diaz, Priscila;Communications in Computer and Information Science;2024;Scopus;;;;;10.1007/978-3-031-58956-0_17;;;;;;;;
Predictive model of the dropout intention of Chilean university students;López-Angulo, Yaranay and Sáez-Delgado, Fabiola and Mella-Norambuena, Javier and Bernardo, Ana B. and Díaz-Mujica, Alejandro;Frontiers in Psychology;2023;Scopus;;;;;10.3389/fpsyg.2022.893894;;;;;;;;
"Adaptation and academic success among first-year students of higher education in Brazil; [Adaptação e sucesso acadêmico em estudantes brasileiros do primeiro ano da educação superior]";Farias, Rebeca V. and Gouveia, Valdiney V. and Almeida, Leandro S.;Revista de Estudios e Investigacion en Psicologia y Educacion;2022;Scopus;;;;;10.17979/reipe.2022.9.1.8830;;;;;;;;
Generating and Understanding Predictive Models for Student Attrition in Public Higher Education;De Souza Fernandes, Tiago and Ramos, Guilherme Novaes;Proceedings - Frontiers in Education Conference, FIE;2023;Scopus;;;;;10.1109/FIE58773.2023.10343473;;;;;;;;
Prediction of student attrition risk using machine learning;Barramuño, Mauricio and Meza-Narváez, Claudia and Gálvez-García, Germán;Journal of Applied Research in Higher Education;2022;Scopus;;;;;10.1108/JARHE-02-2021-0073;;;;;;;;
"The teacher-student relationship as a predictive variable of school engagement: The mediating role of subjective well-being in a structural equation model with indigenous students aged 10 to 14 years old; [La relación docente-estudiante como una variable predictora del compromiso escolar: el rol mediador del bienestar subjetivo en un modelo de ecuaciones estructurales en estudiantes indígenas de entre 10 y 14 años]";Brieba-Fuenzalida, Joaquín and Pérez-Salas, Claudia;Revista Espanola de Pedagogia;2025;Scopus;;;;;10.22550/2174-0909.4509;;;;;;;;
"Collegiate examination and predictors of success in linear algebra students; [Examen colegiado y predictores de éxito en los estudiantes de álgebra lineal]";Aguilar-Salinas, Wendolyn Elizabeth and De Las Fuentes Lara, Maximiliano;Bolema - Mathematics Education Bulletin;2023;Scopus;;;;;10.1590/1980-4415v37n76a20;;;;;;;;
Predicting graduation and dropout rates among engineering students using AI techniques;Santos, Ricardo França and Berthet, Mathis;Discover Education;2026;Scopus;;;;;10.1007/s44217-025-01092-3;;;;;;;;
Machine Learning Applications for Early and Real-Time Warning Systems in Education;Musso, Mariel F. and Cascallar, Eduardo C.;Machine Learning in Educational Sciences: Approaches, Applications and Advances;2024;Scopus;;;;;10.1007/978-981-99-9379-6_15;;;;;;;;
Complexities of student dropout in higher education: a multidimensional analysis;Barragán Moreno, Sandra Patricia and González Támara, Leandro;Frontiers in Education;2024;Scopus;;;;;10.3389/feduc.2024.1461650;;;;;;;;
Application of Non-Supervised Learning Tools and Visualization Techniques to Understand the Intrinsic Freshmen Enrollment Segmentation: An application to freshmen engineering students.;Salas, Patricio and De la Fuente, Rodrigo and Sáez, Patricio and Riquelme, Andrés;Research in Statistics;2025;Scopus;;;;;10.1080/27684520.2024.2433290;;;;;;;;
Sociocultural factors, academic performance, and intercultural university education in the Peruvian Amazon;Morales Rocha, José Luis and Coyla Zela, Mario Aurelio and Serruto Medina, Genciana and Vargas Torres, Nakaday Irazema and Asencios Tarazona, Vitelio and Arroyo Japura, Gregorio and Huanca Frias, José Oscar;Frontiers in Education;2023;Scopus;;;;;10.3389/feduc.2023.1278717;;;;;;;;
Examining the Impact of ChatGPT on Mexican Students’ Performance in Higher Education;Velázquez-García, Lydia and Cedillo-Hernández, Antonio and Colón-Vallejo, Alejandra and Longar-Blanco, María Del Pilar;International Journal of Information and Education Technology;2025;Scopus;;;;;10.18178/ijiet.2025.15.7.2338;;;;;;;;
Comparative Analysis of the Prediction of the Academic Performance of Entering University Students Using Decision Tree and Random Forest;Aguilar-Ruiz, Jesús and Taya-Acosta, Edgar and Taya-Osorio, Edgar;Lecture Notes in Networks and Systems;2023;Scopus;;;;;10.1007/978-3-031-33258-6_43;;;;;;;;
Information Competences and Academic Achievement: A Dataset;Köhler, Jacqueline and González-Ibáñez, Roberto;Data;2023;Scopus;;;;;10.3390/data8110164;;;;;;;;
"Learning Assisted by Artificial Intelligence Tools in College Students; [Aprendizaje asistido por herramientas de inteligencia artificial en estudiantes universitarios]";Cisneros Basurto, Wilson Edmundo and Chapaca Tituaña, Xiomara Maribel and Pesantez García, Favio Manolo and Maldonado Beltrán, Alexis Hernán;Health Leadership and Quality of Life;2024;Scopus;;;;;10.56294/hl2024.363;;;;;;;;
Enhancing well-being in modern education: A comprehensive eHealthproposal for managing stress and anxiety based on machine learning;Sergio, Wagno Ledo and Stroele, Victor and Dantas, Mario and Braga,Regina and Macedo, Douglas Dyllon;INTERNET OF THINGS;2024;Web of Science (WoS);;25;"In the evolving education landscape, institutions are transitioning to a
hybrid model encompassing physical and virtual classes. In this
scenario, as working hours and exhausting routines increase, individuals
accumulate psychological and physical challenges over time. This change
requires students and educators to adjust to changes in teaching and
learning routines, leading to moments of stress and anxiety. Cultivating
self-awareness about unhealthy habits emerges as a pragmatic strategy to
address this issue. In this work, a comprehensive eHealth proposal is
developed to provide individuals with pertinent health information,
assisting educational agents (students and teachers) in identifying and
managing these stressful instances during their daily activities. This
proposal acquires, processes, and disseminates vital sign data using IoT
devices, supported by a Fog Computing architecture for scalability and
adaptability. IoT plays a pivotal role in this eHealth proposal,
facilitating the seamless collection and transmission of real-time data
from various devices. Connected wearables and sensors enable the
continuous monitoring of vital signs, enhancing the accuracy and
responsiveness of the system. Heart rate data from educational agents
were collected for implementation, allowing the evaluation of system
performance. Machine learning models were leveraged to discern
behavioral profiles and predict possible irregularities in vital signs.
The results confirm the system's ability to perform its intended
functions, giving users quick and accurate insights into their evolving
behavioral patterns. Integrating these research perspectives underscores
the importance of adaptive systems in navigating the challenges of
modern education environments. The incorporation of IoT technology not
only enhances data collection but also opens avenues for real-time
interventions and personalized feedback, ultimately contributing to a
more proactive approach in addressing health-related concerns within the
educational context.";Article;10.1016/j.iot.2023.101055;;"Ströele, V (Corresponding Author), Univ Fed Juiz de Fora, Dept Comp Sci, Juiz De Fora, MG, Brazil.Sergio, Wagno Ledo; Stroele, Victor; Dantas, Mario; Braga, Regina, Univ Fed Juiz de Fora, Dept Comp Sci, Juiz De Fora, MG, Brazil.Macedo, Douglas Dyllon, Univ Fed Santa Catarina, Florianopolis, SC, Brazil.";;"eHealth; Internet of things; Machine learning; Education; Fog-cloudcomputing";ELSEVIER;2543-1536;English;
Dichotomous Proportional Hazard Regression Model: A Case Study onStudents' Dropout;Martinez-Florez, Guillermo and Tovar-Falon, Roger and Barrera-Causil,Carlos;MATHEMATICS;2024;Web of Science (WoS);;12;"In problems involving binary classification, researchers often encounter
data suitable for modeling dichotomous responses. These scenarios
include medical diagnostics, where outcomes are classified as
``disease{''} or ``no disease{''}, and credit scoring in finance,
determining whether a loan applicant is ``high risk{''} or ``low
risk{''}. Dichotomous response models are also useful in many other
areas for estimating binary responses. The logistic regression model is
one option for modeling dichotomous responses; however, other
statistical models may be required to improve the quality of fits. In
this paper, a new regression model is proposed for cases where the
response variable is dichotomous. This novel, non-linear model is
derived from the cumulative distribution function of the proportional
hazard distribution, and is suitable for modeling binary responses.
Statistical inference is performed using a classical approach with the
maximum likelihood method for the proposed model. Additionally, it is
demonstrated that the introduced model has a non-singular information
matrix. The results of a simulation study, along with an application to
student dropout data, show the great potential of the proposed model in
practical and everyday situations.";Article;10.3390/math12142170;;"Barrera-Causil, C (Corresponding Author), Inst Tecnol Metropolitano, Fac Ciencias Exactas \& Aplicadas, Grp Invest Davinci, Medellin 050034, Colombia.Martinez-Florez, Guillermo; Tovar-Falon, Roger, Univ Cordoba, Dept Matemat \& Estadist, Monteria 230002, Colombia.Barrera-Causil, Carlos, Inst Tecnol Metropolitano, Fac Ciencias Exactas \& Aplicadas, Grp Invest Davinci, Medellin 050034, Colombia.";;"dichotomous response; logistic regression; maximum likelihoodestimation; proportional hazard distribution";MDPI;;English;
Group Counterfactual Explanations: A Use Case to Support Students atRisk of Dropping Out in Online Education;Bunay-Guisnan, Pamela and Cano, Alberto and Anguera, Aurea and Lara,Juan A. and Romero, Cristobal;ELECTRONICS;2025;Web of Science (WoS);;15;"This paper proposes the novel application of group counterfactual
explanations to the problem of predicting students at risk of dropout.
Our objective is to explain how to recover the largest possible number
of students while minimizing effort and cost. Using group
counterfactuals, instructors and institutions could recover large groups
of students with minimal remedial actions. For testing, we used the
well-known public educational Open University Learning Analytics Dataset
(OULAD), which contains students' clicks made throughout interactions
with online courses. We modified and adapted the only existing algorithm
for the generation of group counterfactuals, named GROUP-CF. We also
used the Diverse Counterfactual Explanations (DiCE) individual
counterfactual algorithm with the K-means clustering method and new
options in discovering the most representative counterfactuals for a
group of students. The results obtained are very promising; our approach
can be successfully applied to recover 99.3\% of students at risk of
failing in a shorter time in comparison to traditional individual
counterfactuals. Moreover, although a group counterfactual proposes to
change a greater number of students' features, the values are lighter
and therefore seem easier to apply than the ones obtained with
individual counterfactuals. This work opens up a new line of research in
education.";Article;10.3390/electronics15010051;;"Romero, C (Corresponding Author), Univ Cordoba, Dept Ciencias Comp \& Inteligencia Artif, Cordoba 14071, Spain.Bunay-Guisnan, Pamela, Univ Nacl Chimborazo, Fac Ingn, Riobamba 060101, Ecuador.Cano, Alberto; Lara, Juan A.; Romero, Cristobal, Univ Cordoba, Dept Ciencias Comp \& Inteligencia Artif, Cordoba 14071, Spain.Anguera, Aurea, Univ Politecn Madrid, Comp Syst Dept, Madrid 28031, Spain.";;"XAI; counterfactual explanations; group explanations; at risk of failure";MDPI;2079-9292;English;
Using machine learning techniques for predicting the dropout ofundergraduate students in Brazilian courses of statistics;Guerra, Renata Rojas and De Campos, Marcos Antonio De Azevedo andSoares, Andressa Lopez;ANAIS DA ACADEMIA BRASILEIRA DE CIENCIAS;2025;Web of Science (WoS);;97;"This research aims to propose a machine learning approach to classify
dropout outcomes among students in Statistics undergraduate programs in
Brazil, identifying the most important factors associated with this
phenomenon. This study uses microdata from the National Institute for
Educational Studies and Research An \& iacute;sio Teixeira (INEP) Higher
Education Census to analyze the experiences of 10,387 undergraduate
students who began their bachelor's degrees between 2009 and 2014 in
Brazil and were monitored until the end of 2017. Approximately 65\% of
these students dropped out, highlighting the critical dropout challenge
in Brazilian Statistics programs. The outcome of interest is the
student's final status in the census data, either completion or dropout.
Logistic regression, random forest, and support vector machine
algorithms were fitted in the learning stage. For each algorithm, the
best model was evaluated on test data. Results indicate that the
logistic regression model outperforms the others, achieving an accuracy
of 86.1\% and offering greater interpretability compared to the other
models. The study reveals that the duration of enrollment is a key
predictor of dropout likelihood. Moreover, receiving social support and
participating in complementary activities are significant factors in
reducing dropout rates.";Article;10.1590/0001-3765202520241376;;"Guerra, RR (Corresponding Author), Univ Fed Santa Maria, Dept Stat, Roraima Ave 1000, BR-97105900 Santa Maria, RS, Brazil.Guerra, Renata Rojas; De Campos, Marcos Antonio De Azevedo; Soares, Andressa Lopez, Univ Fed Santa Maria, Dept Stat, Roraima Ave 1000, BR-97105900 Santa Maria, RS, Brazil.";;"attrition; dropout; logistic regression; machine learning; randomforest; student retention";ACAD BRASILEIRA DE CIENCIAS;0001-3765;English;
Predicting Students Success in Blended Learning-Evaluating DifferentInteractions Inside Learning Management Systems;Buschetto Macarini, Luiz Antonio and Cechinel, Cristian and BatistaMachado, Matheus Francisco and Culmant Ramos, Vinicius Faria and Munoz,Roberto;APPLIED SCIENCES-BASEL;2019;Web of Science (WoS);;9;"Algorithms and programming are some of the most challenging topics faced
by students during undergraduate programs. Dropout and failure rates in
courses involving such topics are usually high, which has raised
attention towards the development of strategies to attenuate this
situation. Machine learning techniques can help in this direction by
providing models able to detect at-risk students earlier. Therefore,
lecturers, tutors or staff can pedagogically try to mitigate this
problem. To early predict at-risk students in introductory programming
courses, we present a comparative study aiming to find the best
combination of datasets (set of variables) and classification
algorithms. The data collected from Moodle was used to generate 13
distinct datasets based on different aspects of student interactions
(cognitive presence, social presence and teaching presence) inside the
virtual environment. Results show there are no statistically significant
difference among models generated from the different datasets and that
the counts of interactions together with derived attributes are
sufficient for the task. The performances of the models varied for each
semester, with the best of them able to detect students at-risk in the
first week of the course with AUC ROC from 0.7 to 0.9. Moreover, the use
of SMOTE to balance the datasets did not improve the performance of the
models.";Article;10.3390/app9245523;;"Cechinel, C (Corresponding Author), Univ Fed Santa Catarina, Ctr Ciencias Tecnol \& Saude, BR-88906072 Ararangua, Brazil.Munoz, R (Corresponding Author), Univ Valparaiso, Escuela Ingn Civil Informat, Valparaiso 2362735, Chile.Buschetto Macarini, Luiz Antonio; Cechinel, Cristian; Batista Machado, Matheus Francisco; Culmant Ramos, Vinicius Faria, Univ Fed Santa Catarina, Ctr Ciencias Tecnol \& Saude, BR-88906072 Ararangua, Brazil.Munoz, Roberto, Univ Valparaiso, Escuela Ingn Civil Informat, Val";;"at-risk students; machine learning; learning management system; blendedlearning; introduction to programming";MDPI;;English;
Identification of the Factors That Influence University Learning withLow-Code/No-Code Artificial Intelligence Techniques;Villegas-Ch., William and Garcia-Ortiz, Joselin and Sanchez-Viteri,Santiago;ELECTRONICS;2021;Web of Science (WoS);;10;"Education is one of the sectors that improves the future of societies;
unfortunately, the pandemic generated by coronavirus disease 2019 has
caused a variety of problems that directly affect learning. Universities
have found it necessary to begin a transition towards remote or online
educational models. To do so, the only method that guarantees the
continuity of classes is using information and communication
technologies. The transition in the foreground points to the use of
technological platforms that allow interaction and the development of
classes through synchronous sessions. In this way, it has been possible
to continue developing both administrative and academic activities.
However, in effective education, there are factors that create an ideal
environment where the generation of knowledge is possible. By moving
from traditional educational models to remote models, this environment
has been disrupted, significantly affecting student learning.
Identifying the factors that influence academic performance has become
the priority of universities. This work proposes the use of intelligent
techniques that allow the identification of the factors that affect
learning and allow effective decision-making that allows improving the
educational model.";Article;10.3390/electronics10101192;;"Villegas-Ch, W (Corresponding Author), Univ Amer, FICA, Escuela Ingn Tecnol Informac, Quito 170125, Ecuador.Villegas-Ch., William; Garcia-Ortiz, Joselin, Univ Amer, FICA, Escuela Ingn Tecnol Informac, Quito 170125, Ecuador.Sanchez-Viteri, Santiago, Univ Int Ecuador, Dept Sistemas, Quito 170411, Ecuador.";;"artificial intelligence; remote education; WEKA";MDPI;2079-9292;English;
Evaluating ensemble models for fair and interpretable prediction inhigher education using multimodal data;Arevalo-Cordovilla, Felipe Emiliano and Pena, Marta;SCIENTIFIC REPORTS;2025;Web of Science (WoS);;15;"Early prediction of academic performance is vital for reducing attrition
in online higher education. However, existing models often lack
comprehensive data integration and comparison with state-of-the-art
techniques. This study, which involved 2,225 engineering students at a
public university in Ecuador, addressed these gaps. The objective was to
develop a robust predictive framework by integrating Moodle
interactions, academic history, and demographic data using SMOTE for
class balancing. The methodology involved a comparative evaluation of
seven base learners, including traditional algorithms, Random Forest,
and gradient boosting ensembles (XGBoost, LightGBM), and a final
stacking model, all validated using a 5-fold stratified
cross-validation. While the LightGBM model emerged as the
best-performing base model (Area Under the Curve (AUC) = 0.953, F1 =
0.950), the stacking ensemble (AUC = 0.835) did not offer a significant
performance improvement and showed considerable instability. SHAP
analysis confirmed that early grades were the most influential
predictors across top models. The final model demonstrated strong
fairness across gender, ethnicity, and socioeconomic status (consistency
= 0.907). These findings enable institutions to identify at-risk
students using state-of-the-art interpretable and fair models. These
findings enable institutions to identify at-risk students using
state-of-the-art, interpretable, and fair models, advancing learning
analytics by validating key success predictors against contemporary
benchmarks.";Article;10.1038/s41598-025-15388-9;;Arévalo-Cordovilla, FE (Corresponding Author), Univ Estatal Milagro, Fac Sci \& Engn, Ciudadela Univ Dr Romulo Minchala Milagro,Km 1-5,V, Milagro 091050, Ecuador.Arévalo-Cordovilla, FE (Corresponding Author), Univ Politecn Cataluna, BarcelonaTech, Dept Math, Diagonal 647, Barcelona 08028, Spain.Arévalo-Cordovilla, FE (Corresponding Author), Univ Politecn Cataluna, IOC Res Inst, BarcelonaTech, Diagonal 647, Barcelona 08028, Spain.Arevalo-Cordovilla, Felipe Emiliano, Univ Estatal Milagro, Fac S;;"Academic performance; Early prediction; Ensemble model; Gradientboosting; Learning analytics; Stacking";NATURE PORTFOLIO;2045-2322;English;
Understanding the role of study strategies and learning disabilities onstudent academic performance to enhance educational approaches: Aproposal using artificial intelligence;Bressane, Adriano and Zwirn, Daniel and Essiptchouk, Alexei and Saraiva,Antonio Carlos Varela and Carvalho, Fernando Luiz De Campos and Formiga,Jorge Kennety Silva and Medeiros, Liliam Cesar De Castro and Negri,Rogerio Galante;COMPUTERS AND EDUCATION: ARTIFICIAL INTELLIGENCE;2024;Web of Science (WoS);;6;"Statement of problem: The students' academic performance is influenced
by a complex interplay among several factors. Traditional educational
approaches often struggle to accommodate the diverse needs of students,
leading to suboptimal learning outcomes. Purpose: This article aims to
comprehensively understand the role of study strategies and learning
disabilities in shaping academic performance. Through the integration of
artificial intelligence (AI) tools, the purpose is to propose a decision
support system (DSS) for recommendations to improve the educational
approach. Method: To identify features with higher explanatory power
based on empirical data, we employed an artificial neural network (ANN)
to recognize patterns of association between study strategies, learning
disabilities, and academic performance. Using the pondered features, a
Fuzzy-based AI was built for offering recommendations into effective
educational interventions. Conclusions: The findings underscore the
significance of study strategies in mitigating the negative impact of
learning disabilities on academic performance. By leveraging the
proposed AI tools framework, educators can make informed decisions to
tailor educational approaches, catering to the unique cognitive profiles
of students. Personalized interventions based on identified patterns can
lead to improved academic outcomes and greater inclusivity in the
learning environment. Practical implications: Educators and policymakers
can adopt the proposed data-driven strategies to enhance teaching
methodologies, thereby accommodating the varying needs of students with
learning disabilities. This approach fosters a more inclusive and
equitable educational landscape, promoting academic success for all
learners.";Article;10.1016/j.caeai.2023.100196;;"Bressane, A (Corresponding Author), Sao Paulo State Univ, Presidente Dutra Highway,Km 137,8, BR-12247004 Sao Jose Dos Campos, SP, Brazil.Bressane, Adriano; Zwirn, Daniel; Essiptchouk, Alexei; Saraiva, Antonio Carlos Varela; Carvalho, Fernando Luiz De Campos; Formiga, Jorge Kennety Silva; Medeiros, Liliam Cesar De Castro; Negri, Rogerio Galante, Sao Paulo State Univ, Presidente Dutra Highway,Km 137,8, BR-12247004 Sao Jose Dos Campos, SP, Brazil.Bressane, Adriano, Sao Paulo State Univ, Grad Prog";;"Study strategies; Learning limitation and potential; Educationalapproach";ELSEVIER;2666-920X;English;
Urban-Rural Gradients Predict Educational Gaps: Evidence from a MachineLearning Approach Involving Academic Performance and Impervious Surfacesin Ecuador;Santos-Garcia, Fabian and Valdivieso, Karina Delgado and Rienow, Andreasand Gairin, Joaquin;ISPRS INTERNATIONAL JOURNAL OF GEO-INFORMATION;2021;Web of Science (WoS);;10;"Academic performance (AP) is explained by a multitude of factors,
principally by those related to socioeconomic, cultural, and educational
environments. However, AP is less understood from a spatial perspective.
The aim of this study was to investigate a methodology using a machine
learning approach to determine which answers from a questionnaire-based
survey were relevant for explaining the high AP of secondary school
students across urban-rural gradients in Ecuador. We used high school
locations to construct individual datasets and stratify them according
to the AP scores. Using the Boruta algorithm and backward elimination,
we identified the best predictors, classified them using random forest,
and mapped the AP classification probabilities. We summarized these
results as frequent answers observed for each natural region in Ecuador
and used their probability outputs to formulate hypotheses with respect
to the urban-rural gradient derived from annual maps of impervious
surfaces. Our approach resulted in a cartographic analysis of AP
probabilities with overall accuracies around 0.83-0.84\% and Kappa
values of 0.65-0.67\%. High AP was primarily related to answers
regarding the academic environment and cognitive skills. These
identified answers varied depending on the region, which allowed for
different interpretations of the driving factors of AP in Ecuador. A
rural-to-urban transition ranging 8-17 years was found to be the
timespan correlated with achievement of high AP.";Article;10.3390/ijgi10120830;;Santos-García, F (Corresponding Author), Technol Univ Indoamer Machala \& Sabanilla, Res Ctr Terr \& Sustainable Habitat CITEHS, Quito 170301, Ecuador.Santos-Garcia, Fabian, Technol Univ Indoamer Machala \& Sabanilla, Res Ctr Terr \& Sustainable Habitat CITEHS, Quito 170301, Ecuador.Valdivieso, Karina Delgado, Technol Univ Indoamer Machala \& Sabanilla, Ctr Res Human Sci \& Educ CICHE, Quito 170301, Ecuador.Rienow, Andreas, Ruhr Univ Bochum, Inst Geog, Univ Str 150, D-44780 Bochum, Germany.G;;"academic performance; impervious surfaces; urban-rural; Ecuador";MDPI;;English;
The Mediating Role of Learning Analytics: Insights into StudentApproaches to Learning and Academic Achievement in Latin America;Villalobos, Esteban and Hilliger, Isabel and Gonzalez, Carlos and Celis,Sergio and Perez-Sanagustin, Mar and Broisin, Julien;JOURNAL OF LEARNING ANALYTICS;2024;Web of Science (WoS);6-20;11;"Researchers in learning analytics have created indicators with learners'
trace data as a proxy for studying learner behaviour in a college
course. Student Approaches to Learning (SAL) is one of the theories used
to explain these behaviours, distinguishing between deep, surface, and
organized study. In Latin America, researchers have demonstrated that
organized approaches to learning could be more effective in higher
education, leading to better performance and course approval. However,
further analysis of student behavioural data is needed to understand
this relationship and inform interventions targeting study habits and
academic performance. In this study, we analyzed the relationship
between student approaches to learning and their final grade in six
college courses, using behavioural trace data as a mediator variable.
Specifically, we conducted a quantitative study in two Latin American
institutions where data of different granularity was collected from
their Learning Management Systems. We observed that most learning
analytics indicators do not mediate the effect between approaches to
learning and course performance. However, there was evidence for
fine-grained indicators acting as total mediators. Implications are
discussed at methodological and pedagogical levels, aiming to inform the
advancement of learning analytics in the region and its use for
supporting student learning.";Article;10.18608/jla.2024.8149;;"Villalobos, E (Corresponding Author), Univ Toulouse III Paul Sabatier, IRIT, 118 Route Narbonne, F-31062 Toulouse, France.Villalobos, Esteban; Perez-Sanagustin, Mar; Broisin, Julien, Univ Toulouse III Paul Sabatier, IRIT, 118 Route Narbonne, F-31062 Toulouse, France.Hilliger, Isabel; Gonzalez, Carlos, Pontificia Univ Catolica Chile, Ave Vicuna Mackenna 4860, Santiago, Chile.Celis, Sergio, Univ Chile, Ave Beauchef 851, Santiago, Chile.";;"Student approaches to learning (SAL); mediation analysis; learninganalytics (LA); Latin America";SOC LEARNING ANALYTICS RESEARCH-SOLAR;;English;
Identifying Students at Risk of Failing a Subject by Using LearningAnalytics for Subsequent Customised Tutoring;Simanca, Fredys and Gonzalez Crespo, Ruben and Rodriguez-Baena, Luis andBurgos, Daniel;APPLIED SCIENCES-BASEL;2019;Web of Science (WoS);;9;"Learning analytics (LA) has become a key area of study in educology,
where it could assist in customising teaching and learning. Accordingly,
it is precisely this data analysis technique that is used in a
sensor-AnalyTIC-designed to identify students who are at risk of failing
a course, and to prompt subsequent tutoring. This instrument provides
the teacher and the student with the necessary information to evaluate
academic performance by using a risk assessment matrix; the teacher can
then customise any tutoring for a student having problems, as well as
adapt the course contents. The sensor was validated in a study involving
39 students in the first term of the Environmental Engineering program
at the Cooperative University of Colombia. Participants were all
enrolled in an Algorithms course. Our findings led us to assert that it
is vital to identify struggling students so that teachers can take
corrective measures. The sensor was initially created based on the
theoretical structure of the processes and/or phases of LA. A virtual
classroom was built after these phases were identified, and the tool for
applying the phases was then developed. After the tool was validated, it
was established that students' educational experiences are more dynamic
when teachers have sufficient information for decision-making, and that
tutoring and content adaptation boost the students' academic
performance.";Article;10.3390/app9030448;;"Crespo, RG (Corresponding Author), Univ Int La Rioja, Sch Engn \& Technol, Logrono 26006, Spain.Simanca, Fredys, Cooperat Univ Colombia, Sch Engn Syst Engn Program, Bogota 110231, Colombia.Gonzalez Crespo, Ruben; Rodriguez-Baena, Luis, Univ Int La Rioja, Sch Engn \& Technol, Logrono 26006, Spain.Burgos, Daniel, Univ Int La Rioja, Res Inst Innovat \& Technol Educ ITED, Logrono 26006, Spain.";;"learning analytics; customised tutoring; learning adaptation; virtualclassroom";MDPI;2076-3417;English;
Study of academic performance through comparison of regression modelsand classification trees;Aguilar-Reyes, Johanna Enith and Mejia-Penafiel, Edwin Fernando andMorocho-Barrionuevo, Tania Paulina and Castelo, Geoconda-MariselaVelasco;TELOS-REVISTA DE ESTUDIOS INTERDISCIPLINARIOS EN CIENCIAS SOCIALES;2025;Web of Science (WoS);94-115;27;"This article aims to identify the factors that affect academic
performance by comparing regression models and decision trees to
determine the factors involved. The methodology adopted is quantitative
in nature, focused on the collection of numerical data and its
statistical analysis, in order to evaluate the relationships between
different variables and determine those factors that influence academic
performance. The population studied includes remedial students in the
statistics career, who underwent an exploratory and descriptive
analysis, using two statistical methods. Two modeling techniques were
used: multinomial logistic regression and classification trees. The
variables evaluated included sociodemographic factors, previous academic
performance, and characteristics of the educational environment. The
results showed that the logistic regression model achieved 100\%
accuracy with an AUC of 1, indicating perfect classification ability. In
comparison, the classification tree model had an accuracy of 70.83\%
with an AUC of 0.7042, reflecting moderate classification ability. From
these results, key factors that affect academic performance were
identified, such as study habits, interest in the career and
psychological aspects. In conclusion, multinomial logistic regression
was more effective and accurate in analyzing the quantitative
relationships between the variables that affect academic performance,
outperforming the classification tree method.";Article;10.36390/telos271.08;;"Aguilar-Reyes, JE (Corresponding Author), Escuela Super Politecn Chimborazo, Riobamba Canton, Ecuador.Aguilar-Reyes, Johanna Enith; Mejia-Penafiel, Edwin Fernando; Morocho-Barrionuevo, Tania Paulina; Castelo, Geoconda-Marisela Velasco, Escuela Super Politecn Chimborazo, Riobamba Canton, Ecuador.";;"Academic Performance; Logistic Regression; Classification Trees;Confusion Matrix";UNIV DR RAFAEL BELLOSO CHACIN;2343-5763;Spanish;
Metaheuristics Method for Classification and Prediction of StudentPerformance Using Machine Learning Predictors;Kamal, Mustafa and Chakrabarti, Sudakshina and Ramirez-Asis, Edwin andAsis-Lopez, Maximiliano and Allauca-Castillo, Wendy and Kumar, Tribhuwanand Sanchez, Domenic T. and Rahmani, Abdul Wahab;MATHEMATICAL PROBLEMS IN ENGINEERING;2022;Web of Science (WoS);;2022;"Over the last few decades, there has been a gradual deterioration in
higher education in all three areas: the academic setting (both staff
and students), as well as research and development output (including
graduates). All colleges and universities are essentially focused on
improving management decision-making and educating pupils. High-quality
higher education can be obtained through a variety of methods. One
method is to accurately forecast pupils' achievement in their chosen
educational context. There are numerous prediction models from which to
pick. While it is unclear whether there are any markers that can predict
whether a kid will be an academic genius, a dropout, or an average
performer, the researcher reports student achievement. This article
presents a metaheuristics and machine learning-based method for the
classification and prediction of student performance. Firstly, features
are selected using a relief algorithm. Machine learning classifiers such
as BPNN, RF, and NB are used to classify student academic performance
data. BPNN is having better accuracy for classification and prediction
of student academic performance.";Article;10.1155/2022/2581951;;"Rahmani, AW (Corresponding Author), Isteqlal Inst Higher Educ, Kabul, Afghanistan.Kamal, Mustafa, Saudi Elect Univ, Coll Sci \& Theoret Studies, Dept Basic Sci, Dammam 32256, Saudi Arabia.Chakrabarti, Sudakshina, Chettinad Acad Res \& Educ, Chettinad Hosp \& Res Inst, Kelambakkam, Tamil Nadu, India.Ramirez-Asis, Edwin, Univ Senor Sipan, Chiclayo, Peru.Asis-Lopez, Maximiliano; Allauca-Castillo, Wendy, Univ Nacl Santiago Antunez DeMayolo, Huaraz, Peru.Kumar, Tribhuwan, Prince Sattam Bin Abdul";;;HINDAWI LTD;1024-123X;English;
INTELLIGENT SYSTEM FOR PREDICTING SCHOOL EVASION IN A UNIVERSITYENVIRONMENT;Soares, Leandra Cristina Cavina Piovesan and de Carvalho, Rafael Lima;HUMANIDADES \& INOVACAO;2023;Web of Science (WoS);241-255;10;"School dropout is one of the problems that exist in the Brazilian
education system and reaches the most varied levels. Specifically in
Higher Education, this problem is considered international in scope,
making it even more impactful. In general, universities know the general
dropout rates per course, and even if they know exactly which students
dropped out, predicting which students might still drop out is a complex
task. In this sense, this work presents a solution methodology that uses
intelligent computational models, specifically machine learning to learn
the patterns of dropout and non -dropout students. This means that from
the first period the solution allows you to infer the probability of the
student dropping out. The research was carried out with academic data
from the State University of Tocantins (Unitins). The results achieved
reveal high accuracy in classifying students prone to dropout,
demonstrating the effectiveness of the methodology adopted in this
study.";Article;;;Soares, LCCP (Corresponding Author), Curso Sistemas Informacao, Unitins, Palmas, Brazil.Soares, Leandra Cristina Cavina Piovesan, Curso Sistemas Informacao, Unitins, Palmas, Brazil.de Carvalho, Rafael Lima, Univ Fed Rio Janeiro UFRJ, Engn Sistemas \& Computacao, Rio De Janeiro, Brazil.;;"University School Dropout; Data Mining; Machine Learning; EducationalInnovation";FUNDACAO UNIV TOCANTINS;2358-8322;Portuguese;
Centralized student performance prediction in large courses based onlow-cost variables in an institutional context;Sandoval, Augusto and Gonzalez, Carlos and Alarcon, Rosa and Pichara,Karim and Montenegro, Maximiliano;INTERNET AND HIGHER EDUCATION;2018;Web of Science (WoS);76-89;37;"An increasing number of higher education institutions have deployed
learning management systems (LMSs) to support learning and teaching
processes. Accordingly, data-driven research has been conducted to
understand the impact of student participation within these systems on
student outcomes. However, most research has focused on small samples or
has used variables that are expensive to measure, which limits its
generalizability. This article presents a prediction model based on
low-cost variables and a sophisticated algorithm, to predict early which
students attending large classes (with more than 50 enrollments) who are
at risk of failing a course. Therefore, it will enable instructors and
educational managers to carry out early interventions to prevent course
failure. The results overperform other approaches in terms of accuracy,
cost, and generalization. Moreover, LMS usage information improved the
model by up to 12.28\% in terms of root-mean-square error, enabling
better early identification of at-risk students.";Article;10.1016/j.iheduc.2018.02.002;;"Sandoval, A (Corresponding Author), Pontificia Univ Catolica Chile, Santiago 4860, Chile.Sandoval, Augusto; Gonzalez, Carlos; Alarcon, Rosa; Pichara, Karim; Montenegro, Maximiliano, Pontificia Univ Catolica Chile, Santiago 4860, Chile.";;"Learning management systems; Prediction of academic performance;Educational data mining; Postsecondary education";ELSEVIER SCIENCE INC;1096-7516;English;
Complex competencies for leader education: artificial intelligenceanalysis in student achievement profiling;Ramirez-Montoya, Maria Soledad and Morales-Menendez, Ruben and Tworek,Michael and Escobar, Carlos A. and Tariq, Rasikh and Tenorio-Sepulveda,Gloria Concepcion;COGENT EDUCATION;2024;Web of Science (WoS);;11;"Future education requires fostering high-level competencies to enhance
student talent, and artificial intelligence (AI) can help in profile
analysis. The aim was to determine the variables that predict the GPA of
students in the `Leaders of Tomorrow' program through an integrated
methodology of data analytics, machine learning modeling, and feature
engineering in order to generate knowledge about the application of AI
in social impact programs. This research focused on 466 graduates of a
`Leaders of Tomorrow'. A regression analysis was performed to model the
relationship between the dependent variable and multiple independent
variables. The findings revealed: (a) Analysis of variance (ANOVA)
demonstrated exceptional model fit for predicting `student.term\_Grade
Academic Performance (GPA)\_program' with an R-squared of 0.999; (b)
Visual analysis showed that significant variables like age and
origin-school Grade-Point Average (GPA) affect term GPA; (c) Kendall tau
correlation revealed a positive correlation of origin-school GPA with
term GPA and a slightly negative one with age; (d) Support Vector
Machine (SVM) regression aligned actual and predicted GPAs closely,
indicating high accuracy; and (e) Recursive Feature Elimination (RFE)
identified `student\_originSchool.gpa' as the most predictive feature.
This study is intended to be of value to academic communities interested
in enhancing the academic profiles of students with complex
competencies, as well as communities interested in applying AI in
education for predictions that contribute to trajectories for training.";Article;10.1080/2331186X.2024.2378508;;Tenorio-Sepulveda, GC (Corresponding Author), Tecnol Nacl Mexico, TES Chalco, Engn Comp Syst, Fed Rd Mexico-Cuautla, Chalco 56641, Mexico.Ramirez-Montoya, Maria Soledad, Tecnol Monterrey, Inst Future Educ, EGADE Business Sch, Monterrey, Mexico.Morales-Menendez, Ruben, Tecnol Monterrey, Sch Engn \& Sci, Monterrey, Mexico.Tworek, Michael, Harvard Univ, Dept Hist, Cambridge, MA USA.Escobar, Carlos A., Tecnol Monterrey, Sch Engn \& Sci, Inst Tecnol Ciudad Juarez, Chihuahua, Mexico.Tariq, Rasikh;;"Educational innovation; higher education; leaders of tomorrow program;artificial intelligence; machine learning";TAYLOR \& FRANCIS AS;2331-186X;English;
A methodology to design, develop, and evaluate machine learning modelsfor predicting dropout in school systems: the case of Chile;Rodriguez, Patricio and Villanueva, Alexis and Dombrovskaia, Lioubov andValenzuela, Juan Pablo;EDUCATION AND INFORMATION TECHNOLOGIES;2023;Web of Science (WoS);10103-10149;28;"School dropout is a structural problem which permanently penalizes
students and society in areas such as low qualification jobs, higher
poverty levels and lower life expectancy, lower pensions, and higher
economic burden for governments. Given these high consequences and the
surge of the problem due to COVID-19 pandemic, in this paper we propose
a methodology to design, develop, and evaluate a machine learning model
for predicting dropout in school systems. In this methodology, we
introduce necessary steps to develop a robust model to estimate the
individual risk of each student to drop out of school. As advancement
from previous research, this proposal focuses on analyzing individual
trajectories of students, incorporating the student situation at school,
family, among other levels, changes, and accumulation of events to
predict dropout. Following the methodology, we create a model for the
Chilean case based on data available mostly through administrative data
from the educational system, and according to known factors associated
with school dropout. Our results are better than those from previous
research with a relevant sample size, with a predictive capability 20\%
higher for the actual dropout cases. Also, in contrast to previous work,
the including non-individual dimensions results in a substantive
contribution to the prediction of leaving school. We also illustrate
applications of the model for Chilean case to support public policy
decision making such as profiling schools for qualitative studies of
pedagogic practices, profiling students' dropout trajectories and
simulating scenarios.";Article;10.1007/s10639-022-11515-5;;"Rodriguez, P (Corresponding Author), Univ Chile, Inst Educ, Periodista Jose Carrasco Tapia 75,Reg Metropolitan, Santiago 8330014, Chile.Rodriguez, P (Corresponding Author), Univ Chile, Ctr Adv Res Educ, Periodista Jose Carrasco Tapia 75,Reg Metropolitan, Santiago 8330014, Chile.Rodriguez, Patricio; Valenzuela, Juan Pablo, Univ Chile, Inst Educ, Periodista Jose Carrasco Tapia 75,Reg Metropolitan, Santiago 8330014, Chile.Rodriguez, Patricio; Valenzuela, Juan Pablo, Univ Chile, Ctr Adv Res Educ,";;"Data science applications in education; Machine learning; Learninganalytics; Student retention";SPRINGER;1360-2357;English;
Prediction of University-Level Academic Performance through MachineLearning Mechanisms and Supervised Methods;Contreras-Bravo, Leonardo Emiro and Nieves-Pimiento, Nayibe and GonzalezGuerrero, Karolina;INGENIERIA;2023;Web of Science (WoS);;28;"Context: In the education sector, variables have been identified which
considerably affect students' academic performance. In the last decade,
research has been carried out from various fields such as psychology,
statistics, and data analytics in order to predict academic performance.
Method: Data analytics, especially through Machine Learning tools,
allows predicting academic performance using supervised learning
algorithms based on academic, demographic, and sociodemographic
variables. In this work, the most influential variables in the course of
students' academic life are selected through wrapping, embedded, filter,
and assembly methods, as well as the most important characteristics
semester by semester using Machine Learning algorithms (Decision Trees,
KNN, SVC, Naive Bayes, LDA), which were implemented using the Python
language.
Results: The results of the study show that the KNN is the model that
best predicts academic performance for each of the semesters, followed
by Decision Trees, with precision values that oscillate around 80 and
78,5\% in some semesters.
Conclusions: Regarding the variables, it cannot be said that a student's
per-semester academic average necessarily influences the prediction of
academic performance for the next semester. The analysis of these
results indicates that the prediction of academic performance using
Machine Learning tools is a promising approach that can help improve
students' academic life allow institutions and teachers to take actions
that contribute to the teaching-learning process.";Article;10.14483/23448393.19514;;Contreras-Bravo, LE (Corresponding Author), Univ Dist Francisco Jose de Caldas, Bogota, Colombia.Contreras-Bravo, Leonardo Emiro, Univ Dist Francisco Jose de Caldas, Bogota, Colombia.Nieves-Pimiento, Nayibe, Univ ECCI, Bogota, Colombia.Gonzalez Guerrero, Karolina, Univ Mil Nueva Granada, Bogota, Colombia.;;"educational data analysis; Machine Learning; higher education";UNIV DISTRITAL FRANCISCO JOSE DE CALDAS, CENTRO INVEST \& DESARROLLOCIENT;0121-750X;English;
ADHE: A tool to characterize higher education dropout phenomenon;Rivera-Baena, Oscar Daniel and Patino-Rodriguez, Carmen Elena andUsuga-Manco, Olga Cecilia and Hernandez-Barajas, Freddy;REVISTA FACULTAD DE INGENIERIA-UNIVERSIDAD DE ANTIOQUIA;2024;Web of Science (WoS);64-75;;"The field of academic analytics emerged in higher education institutions
(HEI) because of developments in database technologies and the
generalization of data -mining practices and business intelligence
tools. We have designed and implemented a dashboard called ADHE
(Academic Analytical Dashboard in Higher Education) for a Colombian
higher education institution. The purpose of ADHE is to help
administrators of academic programs in their decision -making process
regarding the analysis of the phenomenon of student dropout. We used the
pipeline methodology for processing large volumes of data was used,
which is based on five phases: data acquisition, integration, cleaning,
transformation, and visualization. All phases were carried out in the R
programming language using academic information sources from the Faculty
of Engineering of the Universidad de Antioquia and the Colombian
Institute for the Evaluation of Education. The dashboard ADHE is open
for free and can be consulted at:
https://fhernanb.shinyapps.io/AppPermanencia/. The main findings were
that social stratum, gender, and type of high school are associated with
the student dropout phenomenon. Furthermore, in social stratum 1, male
students and public high schools tend to have a higher student dropout
proportion. Additionally, we conclude that admission to engineering
programs requires a balance of qualitative and quantitative abilities.
The dashboard ADHE should be used to help students, parents, teachers,
and administrators understand student dropout dynamics.";Article;10.17533/udea.redin.20230519;;"Patiño-Rodríguez, CE (Corresponding Author), Univ Antioquia, Dept Ingn Ind, Calle 67 5 3-108, Medellin 050010, Colombia.Rivera-Baena, Oscar Daniel; Patino-Rodriguez, Carmen Elena; Usuga-Manco, Olga Cecilia, Univ Antioquia, Dept Ingn Ind, Calle 67 5 3-108, Medellin 050010, Colombia.Hernandez-Barajas, Freddy, Univ Nacl Colombia, Escuela Estadist, Fac Ciencias, Medellin, Colombia.";;"Student dropout proportion; academic analytic; dashboard; Datavisualization; higher education";IMPRENTA UNIV ANTIOQUIA;0120-6230;English;
Educational Data Mining for Dropout Prediction: an Experience at aUniversity in Southern Brazil;Salaberri, Piero and Piovesan, Sandra Dutra and Irala, Valesca Brasil;ADMINISTRACAO-ENSINO E PESQUISA;2024;Web of Science (WoS);30-50;25;"Dropout is a problem that plagues public and private higher education
institutions around the world and strategies for analyzing the reasons
for the phenomenon abound in scientific publications. Many works that
aim to find the most appropriate and effective techniques and practices
for identifying dropout inducers in students end up being based on the
use of technologies to improve data analysis and achieve a greater
volume of processed information. The present study aims to identify good
practices for the use of data mining for educational information. For
this purpose, existing practices in the literature were investigated for
structuring research with data from a public university in the interior
of the state of Rio Grande do Sul. The study includes practical tests
with the Decision Tree algorithms C4.5, Random Forest and Neural
Networks in different datasets. The work demonstrates that the Random
Forest algorithm was able to be more accurate in identifying students at
risk of dropping out. From this experience other institutions will be
able to base themselves for the definition of their best practices.";Article;10.13058/raep.2024.v25n1.2415;;Salaberri, P (Corresponding Author), Univ Fed Pampa UNIPAMPA, Bage, RS, Brazil.Salaberri, Piero, Univ Fed Pampa UNIPAMPA, Bage, RS, Brazil.Piovesan, Sandra Dutra, Univ Fed Rio Grande Sul UFRGS, Bage, RS, Brazil.Irala, Valesca Brasil, Univ Catolica Pelotas UCPel, Bage, RS, Brazil.;;"Dropout; College; Educational Higher Education; Data Mining; Algorithms";ASSOC NAC CURSOS GRADUACAO \& ADMINISTRACAO;2177-6083;Portuguese;
Transforming education with artificial intelligence: innovations toenhance learning experiences and academic performance;Bolano-Garcia, Matilde;PRAXIS-COLOMBIA;2024;Web of Science (WoS);456-459;20;;Editorial Material;10.21676/23897856.6245;;Bolano-Garcia, M (Corresponding Author), Univ Magdalena, Santa Marta, Colombia.Bolano-Garcia, Matilde, Univ Magdalena, Santa Marta, Colombia.;;;UNIV MAGDALENA;1657-4915;Spanish;
The Facts Behind the Prophecy: Validating a Methodology for IdentifyingBehavioural Differences in Higher Education Student Subpopulations UnderIntervention;Talamas-Carvajal, Juan Andres and Ceballos, Hector G. and Hilliger,Isabel;JOURNAL OF LEARNING ANALYTICS;2025;Web of Science (WoS);211-223;12;"Artificial intelligence (AI) is currently leading an industrial
revolution in most aspects of human life, and education is no exception.
With the increasing ratio of students to faculty, AI could be an
extremely beneficial tool for individual mentoring; for example, for
cases of dropout and for student retention. While many models have
already been built, the adoption of AI in education has been lower than
expected, and few interventions have emerged from those models. Several
factors may be in play, but one is that AI models are not easily
explained, and the lack of explanation is fatal for situations like
dropout prevention. An ideal AI-based tool for this problem would
provide individually tailored interventions, but that would require a
much deeper understanding of what a successful intervention entails.
Using a novel methodology for feature comparison between student
subpopulations, we compared regular students against students under
academic guidance on a dataset containing 124,000 unique students and 36
informative features. We found that the explanations obtained regarding
student dropout matched the real-world experiences of mentors and
tutors, especially when dealing with highly explanatory features like
previous average grades and interventions.";Article;10.18608/jla.2025.8553;;Talamás-Carvajal, JA (Corresponding Author), Tecnol Monterrey, Sch Engn \& Sci, Tecnol, Av Eugenio Garza Sada 2501 Sur, Monterrey 64849, NL, Mexico.Talamas-Carvajal, Juan Andres, Tecnol Monterrey, Sch Engn \& Sci, Tecnol, Av Eugenio Garza Sada 2501 Sur, Monterrey 64849, NL, Mexico.Ceballos, Hector G., Tecnol Monterrey, Inst Future Educ, Tecnol, Ave Eugenio Garza Sada 2501 Sur, Monterrey 64849, NL, Mexico.Hilliger, Isabel, Pontificia Univ Catolica Chile, Av Vicuna Mackenna 4860, Santiago, Chil;;"Dropout; XAI; higher education; intervention; educational innovation";SOC LEARNING ANALYTICS RESEARCH-SOLAR;;English;
Artificial intelligence for determining learning strategies inuniversity students;Sabando-Garcia, angel Ramon and Olguin-Martinez, Cynthia Michel andBenavides-Lara, Raul Marcelo and Salazar-Echeagaray, Teresa Irina andHuerta-Mora, Eduardo Alfonso and Bumbila-Garcia, Bibian Bibeca andCedeno-Barcia, Lizandro Agustin and Moreira-Choez, Jenniffer Sobeida;FRONTIERS IN EDUCATION;2025;Web of Science (WoS);;10;"Background University students employ various learning strategies that
influence their academic success and retention in the educational
system. However, those who fail to use these strategies effectively may
be at risk of dropping out. In this context, the objective of this study
was to determine the learning strategies of students at the Pontifical
Catholic University of Ecuador, Santo Domingo campus (PUCESD) using
artificial intelligence.Methods The research followed a quantitative,
correlational, and predictive approach, with a probabilistic sample of
162 students aged 17-24, of whom 29\% were male and 71\% female, from
public, private religious, private secular, and semi-private
institutions. Through the ACRA questionnaire, three dimensions were
evaluated: cognitive strategies, study habits, and learning
support.Results The results revealed a structure with adequate internal
consistency and structural validity, high-lighting a significant
relationship between cognitive strategies and study habits, suggesting a
positive interaction between the two to optimize learning.Conclusions
Artificial intelligence proved effective in identifying patterns in
learning strategies. However, it is recommended to adjust certain
questionnaire items to enhance its precision and applicability in
diverse contexts, thereby facilitating targeted interventions.";Article;10.3389/feduc.2025.1611189;;"Moreira-Choez, JS (Corresponding Author), Univ Estatal Milagro, Fac Posgrad, Milagro, Guayas, Ecuador.Sabando-Garcia, angel Ramon, Pontificia Univ Catol Ecuador Sede St Domingo, Dept Matemat \& Estadist, Santo Domingo, Ecuador.Olguin-Martinez, Cynthia Michel; Salazar-Echeagaray, Teresa Irina; Huerta-Mora, Eduardo Alfonso, Univ Autonoma Sinaloa, Mazatlan, Sinaloa, Mexico.Benavides-Lara, Raul Marcelo, Escuela Super Politecn Chimborazo, Riobamba, Ecuador.Bumbila-Garcia, Bibian Bibeca; Cedeno-Ba";;"factor analysis; university student; education evaluation; artificialintelligence; learning method";FRONTIERS MEDIA SA;;English;
Application of Artificial Intelligence in Online Education: Influence ofStudent Participation on Academic Retention in Virtual Courses;Villegas-Ch, William and Garcia-Ortiz, Joselin and Sanchez-Viteri,Santiago;IEEE ACCESS;2024;Web of Science (WoS);73045-73065;12;"The accelerated growth of online education in recent decades has made it
a trendy educational option. Despite this, significant challenges
persist regarding student retention and academic performance in these
courses. Addressing these challenges requires active student
participation, although understanding it effectively is complex. This
study focuses on student engagement in online education environments,
exploring its relationship with retention and academic performance. Data
was collected across multiple semesters to analyze student engagement in
online educational environments. Participation patterns, temporal
trends, and crucial factors affecting participation were examined using
exploratory analysis and forecasting models, such as ARIMA and Prophet.
The results revealed several patterns, including an initial increase in
activity at the course's beginning and a gradual decrease over time.
Factors such as course length and peer interaction influenced
participation significantly. These findings underscore the importance of
developing specific pedagogical strategies for online education,
simultaneously addressing students' unique challenges in this
environment. In summary, this study contributes to knowledge in online
education by providing essential information to understand and improve
student engagement.";Article;10.1109/ACCESS.2024.3403758;;"Villegas-Ch, W (Corresponding Author), Univ Amer, Escuela Ingn Cibersegur, FICA, Quito 170125, Ecuador.Villegas-Ch, William; Garcia-Ortiz, Joselin, Univ Amer, Escuela Ingn Cibersegur, FICA, Quito 170125, Ecuador.Sanchez-Viteri, Santiago, Univ Int Ecuador, Dept Sistemas, Quito 170411, Ecuador.";;"Student participation; academic retention; online courses";IEEE-INST ELECTRICAL ELECTRONICS ENGINEERS INC;2169-3536;English;
Explanatory Factors of University Dropout Explored Through ArtificialIntelligence;Parra-Sanchez, Juan Sebastian and Pardo, Ingrid Durley Torres and deMerino, Carmen Ysabel Martinez;REVISTA ELECTRONICA DE INVESTIGACION EDUCATIVA;2023;Web of Science (WoS);;25;"This paper identifies key research on the factors that help to explain
university dropout and how these factors are being explored by means of
artificial intelligence (AI). The study describes the methodology
employed to select 31 papers from a repository of 2,745 reported in the
literature. The analysis centered on the main AI methods used and four
categories of explanatory factors of university dropout: academic
factors; factors associated with motivation and study habits;
institutional factors; and economic and sociodemographic factors. The
conclusion drawn from this literature review is that AI is most commonly
used for decision tree-based classification, and most studies focus on
predicting university dropout on the basis of explanatory factors.";Article;10.24320/redie.2023.25.e18.4455;;"Parra-Sánchez, JS (Corresponding Author), Univ Catolico Luis Amigo, Medellin, Colombia.Parra-Sanchez, Juan Sebastian; Pardo, Ingrid Durley Torres; de Merino, Carmen Ysabel Martinez, Univ Catolico Luis Amigo, Medellin, Colombia.";;"dropping out; dropout rate; college students; artificial intelligence";UNIV AUTONOMA BAJA CALIFORNIA, INST INVESTIGACION \& DESARROLLOEDUCATIVO;;English;
Classification of academic performance according to problematic internetuse in Latin American students of human medicine using the CHAID tree;Delor, Raul Real and Tirado, Alberto Guevara;EDUCACION MEDICA;2025;Web of Science (WoS);;26;"Introduction: Problematic internet use can impact the academic
performance of medical students, but few studies in Latin America have
explored this relationship using data mining. The objective was to
classify academic performance according to problematic internet use in
Latin American medical students. Material and methods: A cross-sectional
analysis was conducted using the CHAID decision tree algorithm among
medical students from Peru, Paraguay, and Cuba (n = 176). The model's
predictive ability was assessed through a classification matrix,
calculating sensitivity, specificity, positive and negative predictive
values (PPV, NPV), likelihood ratios, and odds ratio (OR). Student's
t-tests were used to compare academic self-assessment scores between
students with and without problematic internet use, complemented by
effect size calculations (Cohen's d). Results: The CHAID algorithm
identified the frequency with which students perceived their academic
performance to be affected by internet use as the main variable
associated with performance (p < 0.001). The model correctly classified
79.80\% of students with low performance and 59.60\% with good
performance, with an overall accuracy of 73.30\%. Sensitivity was
79.80\%, specificity 59.60\%, PPV = 80.50\%, and OR = 5.85 (95\% CI:
2.66-12.87). Additionally, students not affected by problematic internet
use reported significantly higher perceived academic performance scores
(p < 0.001), with moderate to large effect sizes. Conclusions: The CHAID
tree identified a strong association between the perception of academic
performance being affected by problematic internet use and poor academic
outcomes in medical students. (c) 2025 The Authors. Published by
Elsevier Espana, S.L.U. This is an open access article under the";Article;10.1016/j.edumed.2025.101087;;Tirado, AG (Corresponding Author), Univ Cient Sur, Fac Med, Lima, Peru.Delor, Raul Real, Univ Autonoma San Sebastian, Fac Ciencias Salud, San Lorenzo, Paraguay.Tirado, Alberto Guevara, Univ Cient Sur, Fac Med, Lima, Peru.;;"Medical students; Academic performance; Internet use; Psychometrics;Decision trees; Data mining";ELSEVIER;1575-1813;Spanish;
Knowledge Discovery for Higher Education Student Retention Based on DataMining: Machine Learning Algorithms and Case Study in Chile;Palacios, Carlos A. and Reyes-Suarez, Jose A. and Bearzotti, Lorena A.and Leiva, Victor and Marchant, Carolina;ENTROPY;2021;Web of Science (WoS);;23;"Data mining is employed to extract useful information and to detect
patterns from often large data sets, closely related to knowledge
discovery in databases and data science. In this investigation, we
formulate models based on machine learning algorithms to extract
relevant information predicting student retention at various levels,
using higher education data and specifying the relevant variables
involved in the modeling. Then, we utilize this information to help the
process of knowledge discovery. We predict student retention at each of
three levels during their first, second, and third years of study,
obtaining models with an accuracy that exceeds 80\% in all scenarios.
These models allow us to adequately predict the level when dropout
occurs. Among the machine learning algorithms used in this work are:
decision trees, k-nearest neighbors, logistic regression, naive Bayes,
random forest, and support vector machines, of which the random forest
technique performs the best. We detect that secondary educational score
and the community poverty index are important predictive variables,
which have not been previously reported in educational studies of this
type. The dropout assessment at various levels reported here is valid
for higher education institutions around the world with similar
conditions to the Chilean case, where dropout rates affect the
efficiency of such institutions. Having the ability to predict dropout
based on student's data enables these institutions to take preventative
measures, avoiding the dropouts. In the case study, balancing the
majority and minority classes improves the performance of the
algorithms.";Article;10.3390/e23040485;;Leiva, V (Corresponding Author), Pontificia Univ Catolica Valparaiso, Escuela Ingn Ind, Valparaiso 2362807, Chile.Palacios, Carlos A., Univ Catolica Maule, Dept Obras Civiles, Talca 3480112, Chile.Palacios, Carlos A., Univ Talca, Fac Ingn, Programa Magister Gest Operac, Curico 3344158, Chile.Reyes-Suarez, Jose A., Univ Talca, Fac Ingn, Dept Bioinformat, Talca 3460000, Chile.Bearzotti, Lorena A., Pontificia Univ Catolica Valparaiso, Escuela Ingn Transporte, Valparaiso 2362807, Chile.Leiva, V;;"data analytics; databases; data science; Friedman test; socioeconomicindex; university dropout";MDPI;;English;
Analysis of First-Year University Student Dropout through MachineLearning Models: A Comparison between Universities;Opazo, Diego and Moreno, Sebastian and Alvarez-Miranda, Eduardo andPereira, Jordi;MATHEMATICS;2021;Web of Science (WoS);;9;"Student dropout, defined as the abandonment of a high education program
before obtaining the degree without reincorporation, is a problem that
affects every higher education institution in the world. This study uses
machine learning models over two Chilean universities to predict
first-year engineering student dropout over enrolled students, and to
analyze the variables that affect the probability of dropout. The
results show that instead of combining the datasets into a single
dataset, it is better to apply a model per university. Moreover, among
the eight machine learning models tested over the datasets,
gradient-boosting decision trees reports the best model. Further
analyses of the interpretative models show that a higher score in almost
any entrance university test decreases the probability of dropout, the
most important variable being the mathematical test. One exception is
the language test, where a higher score increases the probability of
dropout.</p>";Article;10.3390/math9202599;;"Alvarez-Miranda, E (Corresponding Author), Univ Talca, Sch Econ \& Business, Talca 3460493, Chile.Alvarez-Miranda, E (Corresponding Author), Inst Sistemas Complejos Ingn, Santiago 8370398, Chile.Opazo, Diego; Moreno, Sebastian; Pereira, Jordi, Univ Adolfo Ibanez, Fac Engn \& Sci, Vina Del Mar 2520000, Chile.Alvarez-Miranda, Eduardo, Univ Talca, Sch Econ \& Business, Talca 3460493, Chile.Alvarez-Miranda, Eduardo, Inst Sistemas Complejos Ingn, Santiago 8370398, Chile.";;"machine learning; first-year student dropout; universities";MDPI;;English;
Personalization of Learning: Machine Learning Models for AdaptingEducational Content to Individual Learning Styles;Villegas-Ch, William and Garcia-Ortiz, Joselin and Sanchez-Viteri,Santiago;IEEE ACCESS;2024;Web of Science (WoS);121114-121130;12;"Given the inherent diversity in learning styles and rhythms, the current
educational landscape demands continuous adaptation toward methodologies
that enhance individualized learning. This study addresses the
effectiveness of learning personalization using machine learning models
to adapt educational content to individual learning styles. Focusing our
attention on a cohort of 450 university students, we implemented
classification algorithms and neural networks to diagnose learning
styles and personalize educational resources accordingly. The results
are revealing: the students' average grades experienced a significant
increase, going from 70 to 75 points on a scale of 100 after the
personalized intervention. Additionally, increased engagement was
recorded, evidenced by more substantial interaction with educational
materials tailored to their learning preferences. These findings suggest
that personalization of learning is a powerful and effective tool that
can improve both academic performance and students' educational
experience. This work confirms the relevance of educational
personalization supported by artificial intelligence and provides a
practical model for its effective implementation. The implications of
this study are particularly pertinent to the evolution of pedagogical
practices and curriculum design in the digital age.";Article;10.1109/ACCESS.2024.3452592;;"Villegas-Ch, W (Corresponding Author), Univ Amer, Escuela Ingn Cibersegur, FICA, Quito 170125, Ecuador.Villegas-Ch, William; Garcia-Ortiz, Joselin, Univ Amer, Escuela Ingn Cibersegur, FICA, Quito 170125, Ecuador.Sanchez-Viteri, Santiago, Univ Int Ecuador, Dept Sistemas, Quito 170411, Ecuador.";;"Machine learning; Adaptation models; Education; Data models;Visualization; Classification algorithms; Analytical models; Performanceevaluation; Educational programs; Quality assessment; Personalization oflearning; machine learning in education; improved academic performance";IEEE-INST ELECTRICAL ELECTRONICS ENGINEERS INC;2169-3536;English;
Application of Artificial Intelligence in Education: Models and tools topredict and improve academic performance towards an SDG perspective;Barrera-Camara, Ricardo A. and Fuentes-Penna, Alejandro andSanchez-Martinez, Fernando E. and Canepa-Saenz, Ana A. andTorres-Gonzalez, Miguel A.;INTERNATIONAL JOURNAL OF COMBINATORIAL OPTIMIZATION PROBLEMS ANDINFORMATICS;2025;Web of Science (WoS);64-72;16;"The application of artificial intelligence (AI) in education is
analyzed, focusing on how various models and algorithms can predict and
improve academic performance, in line with the Sustainable Development
Goals (SDGs). A documentary and comparative approach was used to analyze
recent research on machine learning techniques or algorithms, such as
neural networks, SVM, KNN and decision trees, among others that are
applied to the detection of underachievement and school failure. Tools
that allow monitoring and anticipating academic performance were also
reviewed. AI has a high potential to identify academic risk patterns,
facilitating early interventions. If implemented ethically and
strategically, it can contribute significantly to inclusive and quality
education, supporting the achievement of the SDGs.";Article;10.61467/2007.1558.2025.v16i3.1131;;"Barrera-Cámara, RA (Corresponding Author), Univ Autonoma Carmen, Ciudad Del Carmen, Mexico.Barrera-Camara, Ricardo A.; Sanchez-Martinez, Fernando E.; Canepa-Saenz, Ana A., Univ Autonoma Carmen, Ciudad Del Carmen, Mexico.Fuentes-Penna, Alejandro, El Colegio Morelos, Cuernavaca, Mexico.Torres-Gonzalez, Miguel A., Univ Politecn Pachuca, Zempoala, Mexico.";;"Artificial Intelligence; education; academic performance; failure; ODS;Algorithms; model; techniques";INT JOURNAL COMBINATORIAL OPTIMIZATION PROBLEMS \& INFORMATICS;2007-1558;English;
The analysis of emotions for academic performance prediction;Santos, William Marinho and Hedler, Helga Cristina and Ferneda, Edilsonand do Prado, Hercules Antonio and Adaid Castro, Breno Giovanni;NAVUS-REVISTA DE GESTAO E TECNOLOGIA;2022;Web of Science (WoS);;12;"Identification of emotions, especially in Distance Learning (DL)
courses, can be relevant for managers who seek for improving the
student's academic performance. This study aims to propose a
computational tool for the identification of relationships between
predominant emotions in the learning environment and the academic
performance of students in the context of distance learning. For this,
textual interactions in virtual learning environments (VLE) between
teachers and students were used. Natural language processing techniques
were used to analyze emotions in a corpus extracted from the databases
of a VLE, complemented by identification and performance data obtained
from the academic management system. The initial corpus consisted of
1602 messages, with a levei of sentence granularity, exchanged in the
context of a discipline offered in 2019. From these, 1347 (84.03\%) were
selected, which could be classified according to the polarity of
feelings (Positive, Negative or Neutral) and predominant emotions
(Sadness, Joy, Fear, Aversion and Anger). The proposed tool was built
over the APIs from IBM's Watson artificial intelligence environment.
This tool has the potential to provide tutors and managers with useful
information to make decisions to mitigate potential problems";Article;10.22279/navus.2022.v12.p01-15.1690;;"Santos, WM (Corresponding Author), Univ Catolica Brasilia UCB, Governanca Tecnol \& Inovacao, Brasilia, DF, Brazil.Santos, William Marinho, Univ Catolica Brasilia UCB, Governanca Tecnol \& Inovacao, Brasilia, DF, Brazil.Hedler, Helga Cristina, Univ Catolica Brasilia UCB, Psicol Social Trabalho \& Org, Brasilia, DF, Brazil.Ferneda, Edilson; do Prado, Hercules Antonio, Univ Catolica Brasilia UCB, Ciencia Comp, Brasilia, DF, Brazil.Adaid Castro, Breno Giovanni, Inst Educ Super Brasilia IESB, Ad";;"emotion analysis; educational data mining; academic performance";CENTRO UNIV SENAC;2237-4558;Portuguese;
A review on the prediction of students' academic performance usingensemble methods;Contreras Bravo, Leonardo Emiro and Caro Silva, Joan Alejandro andMorales Rodriguez, Danna Lorena;INGENIERIA SOLIDARIA;2022;Web of Science (WoS);;18;"Introduction: This article is a product of the research ``Ensemble
methods to estimate the academic performance of higher education
students{''}, developed at the Universidad Distrital Francisco Jose de
Caldas in the year 2021, focusing on the review of research work
developed in the last five years related to the prediction of academic
performance using ensemble algorithms.
Objective: The literature review aims to identify the most used
algorithms and the most relevant variables in the prediction of academic
performance.
Methodology: A systematic review of the literature was carried out in
different academic databases (Science Direct, Scopus, SAGE Journals,
EBSCO, ResearchGate, Google Scholar), using search equations built with
keywords.
Results: 54 related articles were found that meet the inclusion criteria
of the review. Additionally, benefits were found in the application of
ensemble methods in the prediction of academic performance.
Conclusion: It was found that the most influential variables in academic
performance correspond to the academic factor. The algorithm used that
presents the best results is Random Forest; in addition to being the
most used. The use of these algorithms is an accurate tool to predict
academic performance at any stage of university life, and at the same
time provide information to generate strategies to improve dropout and
academic retention indicators.";Review;10.16925/2357-6014.2022.02.01;;"Bravo, LEC (Corresponding Author), Univ Dist Francisco Jose de Caldas, Fac Ingn, Bogota, Colombia.Contreras Bravo, Leonardo Emiro, Univ Dist Francisco Jose de Caldas, Fac Ingn, Bogota, Colombia.Caro Silva, Joan Alejandro; Morales Rodriguez, Danna Lorena, Univ Dist Francisco Jose de Caldas, Fac Ingn, Ingn Ind, Bogota, Colombia.";;"Educational Data Mining (EDM); Academic Performance; Machine Learning;Ensemble Methods";UNIV COOPERATIVE COLOMBIA, FAC ENGINEERING;1900-3102;English;
Application of Machine Learning in Predicting Performance for ComputerEngineering Students: A Case Study;Buenano-Fernandez, Diego and Gil, David and Lujan-Mora, Sergio;SUSTAINABILITY;2019;Web of Science (WoS);;11;"The present work proposes the application of machine learning techniques
to predict the final grades (FGs) of students based on their historical
performance of grades. The proposal was applied to the historical
academic information available for students enrolled in the computer
engineering degree at an Ecuadorian university. One of the aims of the
university's strategic plan is the development of a quality education
that is intimately linked with sustainable development goals (SDGs). The
application of technology in teaching-learning processes
(Technology-enhanced learning) must become a key element to achieve the
objective of academic quality and, as a consequence, enhance or benefit
the common good. Today, both virtual and face-to-face educational models
promote the application of information and communication technologies
(ICT) in both teaching-learning processes and academic management
processes. This implementation has generated an overload of data that
needs to be processed properly in order to transform it into valuable
information useful for all those involved in the field of education.
Predicting a student's performance from their historical grades is one
of the most popular applications of educational data mining and,
therefore, it has become a valuable source of information that has been
used for different purposes. Nevertheless, several studies related to
the prediction of academic grades have been developed exclusively for
the benefit of teachers and educational administrators. Little or
nothing has been done to show the results of the prediction of the
grades to the students. Consequently, there is very little research
related to solutions that help students make decisions based on their
own historical grades. This paper proposes a methodology in which the
process of data collection and pre-processing is initially carried out,
and then in a second stage, the grouping of students with similar
patterns of academic performance was carried out. In the next phase,
based on the identified patterns, the most appropriate supervised
learning algorithm was selected, and then the experimental process was
carried out. Finally, the results were presented and analyzed. The
results showed the effectiveness of machine learning techniques to
predict the performance of students.";Article;10.3390/su11102833;;Buenaño-Fernández, D (Corresponding Author), Univ Amer, Fac Ingn \& Ciencias Aplicadas, Av Granados E12-41 \& Colimes, EC-170125 Quito, Ecuador.Buenano-Fernandez, Diego, Univ Amer, Fac Ingn \& Ciencias Aplicadas, Av Granados E12-41 \& Colimes, EC-170125 Quito, Ecuador.Gil, David, Univ Alicante, Dept Tecnol Informat \& Comp, Alicante 03690, Spain.Lujan-Mora, Sergio, Univ Alicante, Dept Lenguajes \& Sistemas Informat, Alicante 03690, Spain.;;"educational data mining; learning analytics; machine learning; big data;prediction grades";MDPI;2071-1050;English;
Evaluating the effectiveness of educational data mining techniques forearly prediction of students' academic failure in introductoryprogramming courses;Costa, Evandro B. and Fonseca, Baldoino and Santana, Marcelo Almeida andde Araujo, Fabrisia Ferreira and Rego, Joilson;COMPUTERS IN HUMAN BEHAVIOR;2017;Web of Science (WoS);247-256;73;"The data about high students' failure rates in introductory programming
courses have been alarming many educators, raising a number of important
questions regarding prediction aspects. In this paper, we present a
comparative study on the effectiveness of educational data mining
techniques to early predict students likely to fail in introductory
programming courses. Although several works have analyzed these
techniques to identify students' academic failures, our study differs
from existing ones as follows: (i) we investigate the effectiveness of
such techniques to identify students likely to fail at early enough
stage for action to be taken to reduce the failure rate; (ii) we analyse
the impact of data preprocessing and algorithms fine-tuning tasks, on
the effectiveness of the mentioned techniques. In our study we evaluated
the effectiveness of four prediction techniques on two different and
independent data sources on introductory programming courses available
from a Brazilian Public University: one comes from distance education
and the other from on-campus. The results showed that the techniques
analyzed in our study are able to early identify students likely to
fail, the effectiveness of some of these techniques is improved after
applying the data preprocessing and/or algorithms fine-tuning, and the
support vector machine technique outperforms the other ones in a
statistically significant way. (C) 2017 Elsevier Ltd. All rights
reserved.";Article;10.1016/j.chb.2017.01.047;;"Costa, EB (Corresponding Author), Fed Univ Alagoas UFAL, Maceio, Brazil.Costa, Evandro B.; Fonseca, Baldoino; Santana, Marcelo Almeida, Fed Univ Alagoas UFAL, Maceio, Brazil.de Araujo, Fabrisia Ferreira, Fed Inst Alagoas IFAL, Palmeira Dos Indios, AL, Brazil.de Araujo, Fabrisia Ferreira, Univ Fed Campina Grande, Campina Grande, Brazil.Rego, Joilson, Fed Univ Rio Grande Norte UFRN, Natal, RN, Brazil.";;"Artificial intelligence in education; Automatic instructional planner;Automatic prediction; Educational data mining; Interactive learningenvironment; Learner modeling";PERGAMON-ELSEVIER SCIENCE LTD;0747-5632;English;
Monte Carlo optimization for sampling selection in imbalanced dataapplied to student dropout prediction;Herrera, Dianela and Angel, Nicolas and Gonzalez, Diego and Curilef,Sergio;CHAOS;2025;Web of Science (WoS);;35;"University student completion rates vary among students who initially
enroll in academic degrees and professional careers. Student dropout is
a widespread global phenomenon that transcends both the type of degree
pursued and the university attended. Traditionally, the greatest
emphasis in corrective measures has been placed on improving academic
performance and, to a lesser extent, on other variables that are
overshadowed by the former but are equally impactful. Therefore, the
current motivation is to develop an effective machine learning-based
tool to identify students at a higher risk of dropping out early after
1-3 years of study. We use a large dataset from the Universidad Cat \&
oacute;lica del Norte to test the methodology. Machine learning specific
tools are tested to verify their predictive capability, and their
results are discussed to remark on their precise utility. Moreover, we
address the class imbalance in the first-year data by implementing an
innovative adjustment using the Monte Carlo methodology, improving model
performance under imbalanced conditions. Indeed, the technique is mainly
relevant to first-year dropout, where the dataset is more anomalous.
Nevertheless, a level of improvement is observed in all cases studied.
The ultimate goal is to identify at-risk students early to support the
timely, effective, and proper implementation of preventive
interventions.";Article;10.1063/5.0278602;;"Angel, N (Corresponding Author), Univ Catolica Norte, Dept Fis, Av Angamos 0610, Antofagasta 1240000, Chile.Herrera, Dianela; Angel, Nicolas; Gonzalez, Diego; Curilef, Sergio, Univ Catolica Norte, Dept Fis, Av Angamos 0610, Antofagasta 1240000, Chile.";;;AIP Publishing;1054-1500;English;
A New Methodological Framework for Project Design to Analyse and PreventStudents from Dropping Out of Higher Education;Flores, Vaneza and Heras, Stella and Julian, Vicente;ELECTRONICS;2022;Web of Science (WoS);;11;"The problem of university dropout is a recurring issue in universities
that affects students, especially in the first year of studies. The
situation is aggravated by the COVID-19 pandemic, which has imposed a
virtual education, generating a greater amount of data in addition to
historical information, and thus, a greater demand for strategies to
design projects based on Educational Data Mining (EDM). To deal with
this situation, we present a framework for designing EDM projects based
on the construction of a problem tree. The result is the proposal of a
framework that merges the six phases of the CRISP-DM methodology with
the first stage of the Logical Framework Methodology (LFM) to increase
university retention. To illustrate this framework, we have considered
the design of a project based on data mining to prevent students from
dropping out of a Peruvian university.";Article;10.3390/electronics11182902;;"Julián, V (Corresponding Author), Univ Politecn Valencia UPV, Valencian Res Inst Artificial Intelligence VRAIN, Valencia 46022, Spain.Flores, Vaneza, Natl Univ Moquegua UNAM, Profess Sch Syst \& Comp Engn, Moquegua 18000, Peru.Flores, Vaneza; Heras, Stella; Julian, Vicente, Univ Politecn Valencia UPV, Valencian Res Inst Artificial Intelligence VRAIN, Valencia 46022, Spain.";;"CRISP-DM methodology; educational data mining; logical frameworkmethodology; designing projects; university dropout; universityretention";MDPI;2079-9292;English;
Supporting Decision-Making Process on Higher Education Dropout byAnalyzing Academic, Socioeconomic, and Equity Factors through MachineLearning and Survival Analysis Methods in the Latin American Context;Gutierrez-Pachas, Daniel A. and Garcia-Zanabria, Germain andCuadros-Vargas, Ernesto and Camara-Chavez, Guillermo and Gomez-Nieto,Erick;EDUCATION SCIENCES;2023;Web of Science (WoS);;13;"The prediction of university dropout is a complex problem, given the
number and diversity of variables involved. Therefore, different
strategies are applied to understand this educational phenomenon,
although the most outstanding derive from the joint application of
statistical approaches and computational techniques based on machine
learning. Student Dropout Prediction (SDP) is a challenging problem that
can be addressed following various strategies. On the one hand, machine
learning approaches formulate it as a classification task whose
objective is to compute the probability of belonging to a class based on
a specific feature vector that will help us to predict who will drop
out. Alternatively, survival analysis techniques are applied in a
time-varying context to predict when abandonment will occur. This work
considered analytical mechanisms for supporting the decision-making
process on higher education dropout. We evaluated different
computational methods from both approaches for predicting who and when
the dropout occurs and sought those with the most-consistent results.
Moreover, our research employed a longitudinal dataset including
demographic, socioeconomic, and academic information from six academic
departments of a Latin American university over thirteen years. Finally,
this study carried out an in-depth analysis, discusses how such
variables influence estimating the level of risk of dropping out, and
questions whether it occurs at the same magnitude or not according to
the academic department, gender, socioeconomic group, and other
variables.";Article;10.3390/educsci13020154;;"Gutierrez-Pachas, DA (Corresponding Author), Univ Catol San Pablo, Dept Comp Sci, Arequipa 04001, Peru.Gutierrez-Pachas, Daniel A.; Garcia-Zanabria, Germain; Cuadros-Vargas, Ernesto; Camara-Chavez, Guillermo; Gomez-Nieto, Erick, Univ Catol San Pablo, Dept Comp Sci, Arequipa 04001, Peru.Camara-Chavez, Guillermo, Univ Fed Ouro Preto, Comp Sci Dept, BR-35400000 Ouro Preto, Brazil.";;"student dropout prediction; machine learning models; survival analysis";MDPI;;English;
Mitigating Cognitive Biases in Predicting Student Dropout: Global andLocal Explainability with Explainable Boosting Machine;Camargos, Rodrigo Costa and Silveira, Ismar Frango;JOURNAL OF UNIVERSAL COMPUTER SCIENCE;2025;Web of Science (WoS);1017-1041;31;"This study explores the application of Explainable Artificial
Intelligence (XAI) techniques to mitigate cognitive biases in predicting
student dropout. Focusing on the Explainable Boosting Machine (EBM), we
compare its performance and explainability with Logistic Regression and
XGBoost models. While EBM and Logistic Regression have inherent
explainability, we employ SNAP and Morris Sensitivity Analysis for
XGBoost to provide both local and global explanations. Our findings
indicate that the inherently interpretable nature of EBM supports clear
and actionable decision-making in educational settings. When integrated
with additional XAI methods for comparative analysis with models like
Logistic Regression and XGBoost, the approach can further enhance the
understanding of key factors contributing to student dropout.";Article;10.3897/jucs.131773;;"Camargos, RC (Corresponding Author), Univ Presbiteriana Mackenzie, Sao Paulo, Brazil.Camargos, Rodrigo Costa; Silveira, Ismar Frango, Univ Presbiteriana Mackenzie, Sao Paulo, Brazil.";;"Learning Analytics; Explainable Artificial Intelligence; DistanceEducation";GRAZ UNIV TECHNOLGOY, INST INFORMATION SYSTEMS COMPUTER MEDIA-IICM;0948-695X;English;
Academic performance of higher education students: Predictions ofinfluencing factors from decision trees;Diaz-Landa, Brenda and Melean-Romero, Rosana and Marin-Rodriguez,William;TELOS-REVISTA DE ESTUDIOS INTERDISCIPLINARIOS EN CIENCIAS SOCIALES;2021;Web of Science (WoS);616-639;23;"The article aimed to predict the academic performance of students of
master's degrees in education, having as main authors Camborda Zamudio
(2014), Candia Oviedo (2019), Castrillon et al (2020), Hussain et al.
(2018), Yarleque Wong (2019). The decision tree technique and data
mining and tools provided by artificial intelligence were used to build
a model with the J48 algorithm of the WEKA software, considering
educational, family, socioeconomic, habits, and customs factors. The
sample consisted of 237 students from a public university in Peru,
obtaining a level of success through Cohen's Kappa coefficient of 66\%.
The results show a methodology capable of training a system to classify
a student based on one of the academic performance categories. This
classification can a priori identify students with possible academic
performance problems. As a result, accompanying and mitigation measures
can be implemented immediately.";Article;10.36390/telos233.08;;Díaz-Landa, B (Corresponding Author), Univ Nacl Jose Faustino Sanchez Carrion, Sistemas, Huacho, Peru.Diaz-Landa, Brenda, Univ Nacl Jose Faustino Sanchez Carrion, Sistemas, Huacho, Peru.Melean-Romero, Rosana, Univ Zulia, Ctr Estudios Empresa CEE, Fac Ciencias Econ \& Sociales FCES, Maracaibo, Venezuela.Marin-Rodriguez, William, Univ Nacl Jose Faustino Sanchez Carrion, Lima, Peru.Marin-Rodriguez, William, Univ San Pedro, Lima, Peru.;;"decision tree; data mining; prediction; academic performance; WEKAsoftware";UNIV DR RAFAEL BELLOSO CHACIN;2343-5763;Spanish;
Predicting students' academic progress and related attributes infirst-year medical students: an analysis with artificial neural networksand Naïve Bayes;Monteverde-Suarez, Diego and Gonzalez-Flores, Patricia andSantos-Solorzano, Roberto and Garcia-Minjares, Manuel and Zavala-Sierra,Irma and de la Luz, Veronica Luna and Sanchez-Mendiola, Melchor;BMC MEDICAL EDUCATION;2024;Web of Science (WoS);;24;"BackgroundDropout and poor academic performance are persistent problems
in medical schools in emerging economies. Identifying at-risk students
early and knowing the factors that contribute to their success would be
useful for designing educational interventions. Educational Data Mining
(EDM) methods can identify students at risk of poor academic progress
and dropping out. The main goal of this study was to use machine
learning models, Artificial Neural Networks (ANN) and Naive Bayes (NB),
to identify first year medical students that succeed academically, using
sociodemographic data and academic history.MethodsData from seven
cohorts (2011 to 2017) of admitted medical students to the National
Autonomous University of Mexico (UNAM) Faculty of Medicine in Mexico
City were analysed. Data from 7,976 students (2011 to 2017 cohorts) of
the program were included. Information from admission diagnostic exam
results, academic history, sociodemographic characteristics and family
environment was used. The main dataset included 48 variables. The study
followed the general knowledge discovery process: pre-processing, data
analysis, and validation. Artificial Neural Networks (ANN) and Naive
Bayes (NB) models were used for data mining analysis.ResultsANNs models
had slightly better performance in accuracy, sensitivity, and
specificity. Both models had better sensitivity when classifying regular
students and better specificity when classifying irregular students. Of
the 25 variables with highest predictive value in the Naive Bayes model,
percentage of correct answers in the diagnostic exam was the best
variable.ConclusionsBoth ANN and Naive Bayes methods can be useful for
predicting medical students' academic achievement in an undergraduate
program, based on information of their prior knowledge and
socio-demographic factors. Although ANN offered slightly superior
results, Naive Bayes made it possible to obtain an in-depth analysis of
how the different variables influenced the model. The use of educational
data mining techniques and machine learning classification techniques
have potential in medical education.";Article;10.1186/s12909-023-04918-6;;"Sanchez-Mendiola, M (Corresponding Author), Natl Autonomous Univ Mexico UNAM, Coordinat Open Univ Educ Innovat \& Distance Educ C, Mexico City, Mexico.Sanchez-Mendiola, M (Corresponding Author), Natl Autonomous Univ Mexico UNAM, Fac Med, Mexico City, Mexico.Monteverde-Suarez, Diego; Gonzalez-Flores, Patricia; Santos-Solorzano, Roberto; Garcia-Minjares, Manuel; Zavala-Sierra, Irma; de la Luz, Veronica Luna; Sanchez-Mendiola, Melchor, Natl Autonomous Univ Mexico UNAM, Coordinat Open Univ Educ In";;"Educational data mining; Student academic progress; Prediction; Medicaleducation; Artificial neural networks; Naive Bayes";BMC;;English;
Leveraging Artificial Intelligence for Sustainable Tutoring and DropoutPrevention in Higher Education: A Scoping Review on DigitalTransformation;Saltos, Washington Raul Fierro and Saltos, Fabian Eduardo Fierro andAlexandra, Veloz Segura Elizabeth and Guzman, Edgar Fabian Rivera;INFORMATION;2025;Web of Science (WoS);;16;"The increasing integration of artificial intelligence into educational
processes offers new opportunities to address critical issues in higher
education, such as student dropout, academic underperformance, and the
need for personalized tutoring. This scoping review aims to map the
scientific literature on the use of AI techniques to predict academic
performance, risk of dropout, and the need for academic advising, with
an emphasis on e-learning or technology-mediated environments. The study
follows the Joanna Briggs Institute PCC strategy, and the review was
reported following the PRISMA-ScR checklist for search reporting. A
total of 63 peer-reviewed empirical studies (2019-2025) were included
after systematic filtering from the Scopus and Web of Science databases.
The findings reveal that supervised machine learning models, such as
decision trees, random forests, and neural networks, dominate the field,
with an emerging interest in deep learning, transfer learning, and
explainable AI. Academic, behavioral, emotional, and contextual
variables are integrated into increasingly complex and interpretable
models. Most studies focus on undergraduate students in digital and
hybrid learning contexts, particularly in regions with high dropout
rates. The review highlights the potential of AI to enable early
intervention and improve the effectiveness of tutoring systems, while
noting limitations such as lack of model generalization and ethical
concerns. Recommendations are provided for future research and
institutional integration.";Review;10.3390/info16090819;;"Alexandra, VSE (Corresponding Author), Univ Estatal Bolivar, Fac Ciencias Educ Sociales Filosof \& Humanist, Guaranda 020150, Ecuador.Saltos, Washington Raul Fierro; Alexandra, Veloz Segura Elizabeth, Univ Estatal Bolivar, Fac Ciencias Educ Sociales Filosof \& Humanist, Guaranda 020150, Ecuador.Saltos, Fabian Eduardo Fierro, Univ Estatal Bolivar, Fac Ciencias Adm Gest Empresarial \& Informat, Guaranda 020150, Ecuador.Guzman, Edgar Fabian Rivera, Univ Estatal Bolivar, Ingn Agroind, Guaranda 02";;"artificial intelligence; academic performance; dropout prediction;tutoring systems; higher education; innovative learning; machinelearning";MDPI;;English;
Classification model for student dropouts using machine learning: A casestudy;Villarreal-Torres, Henry and Angeles-Morales, Julio and Marin-Rodriguez,William and Andrade-Giron, Daniel and Cano-Mejia, Jenny andMejia-Murillo, Carmen and Flores-Reyes, Gumercindo and Palomino-Marquez,Manuel;EAI ENDORSED TRANSACTIONS ON SCALABLE INFORMATION SYSTEMS;2023;Web of Science (WoS);;10;"Information and communication technologies have been fulfilling a highly
relevant role in the different fields of knowledge, addressing problems
in various disciplines; there is an increased capacity to identify
patterns and anomalies in an organization's data using data mining; In
this context, the study aimed to develop a classification model for
student dropout, applying machine learning with the autoML method of the
H2O.ai framework; the dimensionality of the socioeconomic and academic
characteristics has been taken into account, with the purpose that the
directors make reasonable decisions to counteract the abandonment of the
students in the study programs. The methodology used was of a
technological type, purposeful level, incremental innovation, temporal
scope, and synchronous; data collection was prospective. For this, a
20-item questionnaire was applied to 237 students enrolled in the
master's degree programs in the education of the Graduate School. The
research resulted in a supervised machine learning model, Gradient
Reinforcement Machine (GBM), to classify student dropout, thus
identifying the main associated factors that influence dropout,
obtaining a Gini coefficient of 92.20\%, AUC of 96.10\% and a LogLoss of
24.24\% representing a model with efficient performance.";Article;10.4108/eetsis.vi.3455;;"Marín-Rodriguez, W (Corresponding Author), Univ Nacl Jose Faustino Sanchez Carrion, Huacho, Peru.Marín-Rodriguez, W (Corresponding Author), Univ Cesar Vallejo Los Olivos, Lima, Peru.Villarreal-Torres, Henry; Angeles-Morales, Julio; Cano-Mejia, Jenny; Mejia-Murillo, Carmen; Flores-Reyes, Gumercindo; Palomino-Marquez, Manuel, Univ San Pedro, Chimbote, Peru.Marin-Rodriguez, William; Andrade-Giron, Daniel, Univ Nacl Jose Faustino Sanchez Carrion, Huacho, Peru.Marin-Rodriguez, William, Univ Cesar";;"autoML; machine learning; Student dropout; higher education; H2O.ai;data mining";INST COMPUTER SCIENCES, SOCIAL INFORMATICS \& TELECOMMUNICATIONSENG-ICST;2032-9407;English;
Comparative Analysis of Machine Learning Models for Predicting StudentSuccess in Online Programming Courses: A Study Based on LMS Data andExternal Factors;Arevalo-Cordovilla, Felipe Emiliano and Pena, Marta;MATHEMATICS;2024;Web of Science (WoS);;12;"Early prediction of student performance in online programming courses is
essential for implementing timely interventions to enhance academic
outcomes. This study aimed to predict academic success by comparing four
machine learning models: Logistic Regression, Random Forest, Support
Vector Machine (SVM), and Neural Network (Multilayer Perceptron, MLP).
We analyzed data from the Moodle Learning Management System (LMS) and
external factors of 591 students enrolled in online object-oriented
programming courses at the Universidad Estatal de Milagro (UNEMI)
between 2022 and 2023. The data were preprocessed to address class
imbalance using the synthetic minority oversampling technique (SMOTE),
and relevant features were selected based on Random Forest importance
rankings. The models were trained and optimized using Grid Search with
cross-validation. Logistic Regression achieved the highest Area Under
the Receiver Operating Characteristic Curve (AUC-ROC) on the test set
(0.9354), indicating strong generalization capability. SVM and Neural
Network models performed adequately but were slightly outperformed by
the simpler models. These findings suggest that integrating LMS data
with external factors enhances early prediction of student success.
Logistic Regression is a practical and interpretable tool for
educational institutions to identify at-risk students, and to implement
personalized interventions.";Article;10.3390/math12203272;;Arévalo-Cordovilla, FE (Corresponding Author), Univ Estatal Milagro, Fac Sci \& Engn, Milagro 091706, Ecuador.Arevalo-Cordovilla, Felipe Emiliano, Univ Estatal Milagro, Fac Sci \& Engn, Milagro 091706, Ecuador.Pena, Marta, Univ Politecn Cataluna, Dept Math, BarcelonaTech EEBE, Barcelona 08019, Spain.;;"academic performance prediction; educational data mining; machinelearning models; student retention";MDPI;;English;
Predicting Student Dropout from Day One: XGBoost-Based Early WarningSystem Using Pre-Enrollment Data;Carballo-Mendivil, Blanca and Arellano-Gonzalez, Alejandro andRios-Vazquez, Nidia Josefina and Lizardi-Duarte, Maria del Pilar;APPLIED SCIENCES-BASEL;2025;Web of Science (WoS);;15;"Featured Application This work introduces a practical and human-centered
early warning system that helps universities detect students at higher
risk of dropping out before they even attend their first class. By
drawing on information shared by students at the time of enrollment, the
model enables universities to identify who may require extra support
early on, allowing them to reach out with care, guidance, and resources
before challenges become barriers.Abstract Student dropout remains a
critical challenge in higher education, especially within public
universities that serve diverse and vulnerable populations. This
research presents the design and evaluation of an early warning system
based on an XGBoost classifier, trained exclusively on data collected at
the time of student enrollment. Using a retrospective dataset of nearly
40,000 first-year students (2014-2024) from a Mexican public university,
the model incorporated academic, socioeconomic, demographic, and
perceptual variables. The final XGBoost model achieved an AUC-ROC of
0.6902 and an F1-score of 0.6946 for the dropout class, with a
sensitivity of 88\%. XGBoost was chosen over Random Forest due to its
superior ability to detect students at risk, a critical requirement for
early intervention. The model flagged 59\% of incoming students as
high-risk, with considerable variability across academic programs. The
most influential predictors included age, high school GPA, conditioned
admission, and other family responsibilities and economic constraints.
This research demonstrates that early warning systems can transform
enrollment data into timely and actionable insights, enabling
universities to identify vulnerable students earlier and respond more
effectively, allocate support more efficiently, and enhance their
efforts to reduce dropout rates and improve student retention.";Article;10.3390/app15169202;;"Carballo-Mendívil, B (Corresponding Author), Sonora Inst Technol, Ind Engn Dept, Obregon 85000, Mexico.Carballo-Mendivil, Blanca; Arellano-Gonzalez, Alejandro; Lizardi-Duarte, Maria del Pilar, Sonora Inst Technol, Ind Engn Dept, Obregon 85000, Mexico.Rios-Vazquez, Nidia Josefina, Sonora Inst Technol, Planning Dept, Obregon 85000, Mexico.";;"student dropout; student retention; early warning system; educationaldata mining; machine learning; XGBoost; prediction; educational equity";MDPI;;English;
Lessons learned from the student dropout patterns on COVID-19 pandemic:An analysis supported by machine learning;Colpo, Miriam Pizzatto and Primo, Tiago Thompsen and de Aguiar, MariltonSanchotene;BRITISH JOURNAL OF EDUCATIONAL TECHNOLOGY;2024;Web of Science (WoS);560-585;55;"During the COVID-19 pandemic, the challenges associated with the
transition from face-to-face to emergency remote education increased
concerns about student dropout. Aligned with this concern, this study
investigates the impact of the pandemic on the dropout patterns of 3371
undergraduate students from a Brazilian institution. Using data mining
and machine learning techniques, we developed predictive dropout models
based on student data preceding and succeeding the onset of the
pandemic. Through the interpretation and comparison of these models and
with the support of statistical and graphical analyses, we identify that
the patterns persistently indicate that young students in their initial
semesters, characterized by lower income, academic performance, and
interaction, remain most susceptible to dropping out. Despite the
pandemic leading to an enhanced predictive capability of data regarding
student interaction within the virtual learning environment, our
analysis revealed a lack of significant variation in dropout patterns.
Institutionally, this indicates that a considerable number of dropouts
likely encountered challenges in adapting to higher education, both
before and throughout the pandemic.";Article;10.1111/bjet.13380;;"Colpo, MP (Corresponding Author), Inst Fed Educ Ciencia \& Tecnol Farroupilha, Diretoria Tecnol Informacao, Alameda Santiago Chile 195, BR-97050685 Santa Maria, RS, Brazil.Colpo, Miriam Pizzatto; Primo, Tiago Thompsen; de Aguiar, Marilton Sanchotene, Univ Fed Pelotas UFPel, Programa Posgrad Computacao, Pelotas, Brazil.Colpo, Miriam Pizzatto, Inst Fed Educ Ciencia \& Tecnol Farroupilha IFFar, Diretoria Tecnol Informacao, Santa Maria, Brazil.Colpo, Miriam Pizzatto, Inst Fed Educ Ciencia \& Tecn";;"COVID-19; educational data mining; machine learning; student dropout";WILEY;0007-1013;English;
Prediction of Students' Academic Performance in the ProgrammingFundamentals Course Using Long Short-Term Memory Neural Networks;Vives, Luis and Cabezas, Ivan and Vives, Juan Carlos and Reyes, NiltonGerman and Aquino, Janet and Condor, Jose Bautista and Altamirano, S.Francisco Segura;IEEE ACCESS;2024;Web of Science (WoS);5882-5898;12;"In recent years, there has been evidence of a growing interest on the
part of universities to know in advance the academic performance of
their students and allow them to establish timely strategies to avoid
desertion and failure. One of the biggest challenges to predicting
student performance is presented in the course ``Programming
Fundamentals{''} of Computer Science, Software Engineering, and
Information Systems Engineering careers in Peruvian universities for
high student dropout rates. The objective of this research was to
explore the efficiency of Long-Short Term Memory Networks (LSTM) in the
field of Educational Data Mining (EDM) to predict the academic
performance of students during the seventh, eighth, twelfth, and
sixteenth weeks of the academic semester, which allowed us to identify
students at risk of failing the course. This research compares several
predictive models, such as Deep Neural Network (DNN), Decision Tree
(DT), Random Forest (RF), Logistic Regression (LR), Support Vector
Classifier (SVM), and K-Nearest Neighbor (KNN). A major challenge
machine learning algorithms face is a class imbalance in a dataset,
resulting in over-fitting to the available data and, consequently, low
accuracy. We use Generative Adversarial Networks (GAN) and Synthetic
Minority Over-sampling Technique (SMOTE) to balance the data needed in
our proposal. From the experimental results based on accuracy,
precision, recall, and F1-Score, the superiority of our model is
verified concerning a better classification, with 98.3\% accuracy in
week 8 using LSTM-GAN, followed by DNN-GAN with 98.1\% accuracy.";Article;10.1109/ACCESS.2024.3350169;;"Vives, L (Corresponding Author), Peruvian Univ Appl Sci, Fac Engn, Lima 15023, Peru.Vives, Luis, Peruvian Univ Appl Sci, Fac Engn, Lima 15023, Peru.Cabezas, Ivan, Univ ICESI, Dept Comp \& Smart Syst, Cali 760031, Colombia.Vives, Juan Carlos, Univ Senor De Sipan, Profess Sch Elect Mech Engn, Pimentel 150131, Peru.Reyes, Nilton German, Univ Nacl Pedro Ruiz Gallo, Lambayeque 01131, Peru.Aquino, Janet; Condor, Jose Bautista, Univ Nacl Trujillo, Trujillo 13001, Peru.";;"Educational data mining; generative adversarial networks; long-shortterm memory; synthetic minority over-sampling technique";IEEE-INST ELECTRICAL ELECTRONICS ENGINEERS INC;2169-3536;English;
How the Entry Profiles and Early Study Habits Are Related to First-YearAcademic Performance in Engineering Programs;Aquines Gutierrez, Osvaldo and Hernandez Taylor, Diana Margarita andSantos-Guevara, Ayax and Xiomara Chavarria-Garza, Wendy andMartinez-Huerta, Humberto and Galloway, Ross K.;SUSTAINABILITY;2022;Web of Science (WoS);;14;"This paper explores how the entry profiles of engineering students are
related to their academic performance during the first year of
university in a sample of 255 first-year engineering students (77
females and 178 males) at a university in Northeast Mexico. The
predictors used were the high school grade point average (HSGPA),
Scholastic Aptitude Test (SAT) results, the first admission test, and a
Spanish adaptation of the Survey of Study Habits and Attitudes Test
(SSHA) from Brown and Holtzman. The SSHA adaptation was tested for
internal consistency reliabilities via Cronbach's alpha globally (0.92)
and for the following categories: delay avoidance (DA: 0.79), work
methods (WM: 0.81), teacher approval (TA: 0.89), and educational
acceptance (EA: 0.74). The results were compared with those of other
studies to validate their consistency. To assess the different entry
profiles between high- and low-achieving students, we performed a
Kruskal-Wallis test and found significant differences (p < 0.001)
between both profiles for all variables. We then measured the
relationships between the variables and academic success by constructing
a correlation table, where HSGPA, SAT, and DA showed the highest
correlations: 0.61, 0.40, and 0.36, respectively. With these outcomes, a
predictive model via a logistic regression (R-2 = 0.52) was built to
forecast first year academic performance in the specific context.";Article;10.3390/su142215400;;"Gutiérrez, OA (Corresponding Author), Univ Monterrey, Dept Phys \& Math, Ave Morones Prieto 4500, San Pedro Garza Garcia 66238, NL, Mexico.Aquines Gutierrez, Osvaldo; Hernandez Taylor, Diana Margarita; Santos-Guevara, Ayax; Xiomara Chavarria-Garza, Wendy; Martinez-Huerta, Humberto, Univ Monterrey, Dept Phys \& Math, Ave Morones Prieto 4500, San Pedro Garza Garcia 66238, NL, Mexico.Xiomara Chavarria-Garza, Wendy, Univ Autonoma Nuevo Leon, CICFIM Fac Ciencias Fis Matemat, San Nicolas De Los Garz";;"academic achievement; first-year university student; admission metrics;grade point average; self-efficacy; first-year university student;undergraduate students; student attitudes; correlation; predictorvariables; predicting academic success; university GPA; cognitivefactor; multiple regression; dropout prevention";MDPI;;English;
Visual-Predictive Data Analysis Approach for the Academic Performance ofStudents from a Peruvian University;Orrego Granados, David and Ugalde, Jonathan and Salas, Rodrigo andTorres, Romina and Linkolk Lopez-Gonzales, Javier;APPLIED SCIENCES-BASEL;2022;Web of Science (WoS);;12;"The academic success of university students is a problem that depends in
a multi-factorial way on the aspects related to the student and the
career itself. A problem with this level of complexity needs to be faced
with integral approaches, which involves the complement of numerical
quantitative analysis with other types of analysis. This study uses a
novel visual-predictive data analysis approach to obtain relevant
information regarding the academic performance of students from a
Peruvian university. This approach joins together domain understanding
and data-visualization analysis, with the construction of machine
learning models in order to provide a visual-predictive model of the
students' academic success. Specifically, a trained XGBoost Machine
Learning model achieved a performance of up to 91.5\% Accuracy. The
results obtained alongside a visual data analysis allow us to identify
the relevant variables associated with the students' academic
performances. In this study, this novel approach was found to be a
valuable tool for developing and targeting policies to support students
with lower academic performance or to stimulate advanced students.
Moreover, we were able to give some insight into the academic situation
of the different careers of the university.";Article;10.3390/app122111251;;"López-Gonzales, JL (Corresponding Author), Univ Peruana Union, Fac Ingn \& Arquitectura, Lima 15464, Peru.Orrego Granados, David, Univ Peruana Union, Escuela Posgrad, UPG Ingn \& Arquitectura, Lima 15464, Peru.Ugalde, Jonathan, Univ Valparaiso, Escuela Ingn Informat, Valparaiso 2581967, Chile.Ugalde, Jonathan; Salas, Rodrigo; Torres, Romina, Millennium Inst Intelligent Healthcare Engn iHlth, Santiago 7820436, Chile.Salas, Rodrigo, Univ Valparaiso, Escuela Ingn C Biomed, Valparaiso 2581967, C";;"students' performances; machine learning; learning analytics;educational data mining; business intelligence in education";MDPI;;English;
A Visual Representation-Based Computational Approach for Student DropoutAnalysis: A Case Study in Colombia;Brinez-De-Leon, Juan-Carlos and Patino-Hoyos, Alejandra-Estefania andRestrepo-Loaiza, Farley-Albeiro and Cardona-Osorio, Gabriel-Jaime;COMPUTATION;2025;Web of Science (WoS);;13;"Academic dropout is a persistent challenge in higher education,
particularly in contexts with socio-economic disparities and diverse
learning conditions. Traditional predictive models often fail to capture
the complex, non-linear interactions underlying student trajectories due
to their reliance on low-dimensional and linear representations. This
study introduces a visual representation-based computational approach
for a student dropout analysis, applied to a real institutional dataset
from Colombia. The methodology transforms structured student records
into enriched visual encodings that map variable magnitudes,
correlations, and latent relationships into spatial and textural
patterns. These image-based representations allow convolutional neural
networks (CNNs) to exploit hierarchical feature extraction, uncovering
hidden dependencies not accessible through conventional classifiers.
Experimental results demonstrate that a Convolutional Neural Network
(CNN) trained from scratch outperforms both baseline machine learning
models and transfer learning architectures across all evaluation
metrics. Beyond predictive accuracy, the approach enhances data
expressiveness, interpretability, and generalization, offering a
visual-analytical perspective for understanding dropout dynamics. The
Colombian case study confirms the feasibility and potential of this
strategy in real educational settings, supporting early identification
of at-risk students and contributing to the development of robust,
explainable models in educational data mining and learning analytics.";Article;10.3390/computation13120284;;"Briñez-De-Leon, JC (Corresponding Author), Inst Tecnonl Metropolitano, Fac Ingn, Grp Maquinas Inteligentes \& Reconocimiento Patrone, Carrera 31,54-22, Medellin 050013, Colombia.Brinez-De-Leon, Juan-Carlos, Inst Tecnonl Metropolitano, Fac Ingn, Grp Maquinas Inteligentes \& Reconocimiento Patrone, Carrera 31,54-22, Medellin 050013, Colombia.Patino-Hoyos, Alejandra-Estefania; Cardona-Osorio, Gabriel-Jaime, Inst Univ Pascual Bravo, Fac Ingn, Grp GICEI, Calle 73 73A-226, Medellin 050034, Colombia.";;"student dropout prediction; visual representation; convolutional neuralnetworks; educational data mining";MDPI;;English;
Explaining Factors of Student Attrition at Higher Education;Alcauter, Iara and Martinez-Villasenor, Lourdes and Ponce, Hiram;COMPUTACION Y SISTEMAS;2023;Web of Science (WoS);929-940;27;"The examination of student attrition within higher education is a
dynamic field that seeks to tackle the complex task of preventing
dropout occurrences and formulating effective retention strategies. This
challenge becomes particularly pertinent within the realm of Science,
Technology, Engineering, and Mathematics (STEM) disciplines. In the
pursuit of these objectives, this research endeavors to assess
prevailing data mining methodologies, specifically focusing on Decision
Trees (DT), Random Forest (RF), Support Vector Machine (SVM), and
Artificial Neural Networks (ANN) - all of which are widely employed for
the prediction of student attrition. The study is conducted on a
comprehensive dataset encompassing engineering students from a prominent
Mexican university, with a specific emphasis on the application of
variable selection through Recursive Feature Elimination (RFE) and
addressing class imbalance via Synthetic Minority Over-sampling
Technique (SMOTE). The outcomes of this investigation conspicuously
identify Random Forest as the most optimal predictive model, yielding an
impressive accuracy rate of 98\%. Additionally, the research underscores
the effectiveness of RFE in discerning influential variables.
Furthermore, to provide complex insights and decision support, the study
harnesses the Local Interpretable Model-Agnostic Explanations (LIME)
technique to expound upon the factors that wield significant impact.
This multifaceted analysis contributes to the advancement of strategies
for enhancing student retention within STEM disciplines.";Article;10.13053/CyS-27-4-4776;;"Martinez-Villaseñor, L (Corresponding Author), Univ Panamer, Mexico City, Mexico.Alcauter, Iara; Martinez-Villasenor, Lourdes; Ponce, Hiram, Univ Panamer, Mexico City, Mexico.";;"Student attrition; machine learning; XAI; explainable artificialintelligence; higher education";INSTITUTO POLITECNICO NACIONAL (IPN) CENTRO DE INVESTIGACION ENCOMPUTACION;1405-5546;English;
Multi-layer Adaptive Fuzzy Inference System for Predicting StudentPerformance in Online Higher Education;Ulloa-Cazarez, Rosa Leonor and Garcia-Diaz, Noel and Soriano-Equigua,Leonel;IEEE LATIN AMERICA TRANSACTIONS;2021;Web of Science (WoS);98-106;19;"Research on student performance prediction has evolved from the early
application of statistical techniques to later use of computational
techniques. Results in this field are varied, thus, we have to take
advantage of previous research results. This study proposes a
Multi-layer Adaptive Neuro-Fuzzy Inference System (MANFIS) for student
performance prediction in online Higher Education settings. The MANFIS
was trained and tested using a dataset integrated by the scores obtained
by students in four online Higher Education courses. The MANFIS
prediction accuracy was compared against the accuracies of Multilayer
neural network, Radial Basis Function Neural Network, and General
Regression Neural Network. The accuracy of the MANFIS prediction
statistically outperformed at least one neural network (out of three
possible) in each dataset. The Results indicate that MANFIS is an
alternative model to predict student performance in online Higher
Education settings.";Article;10.1109/TLA.2021.9423852;;Ulloa-Cazarez, RL (Corresponding Author), Univ Guadalajara, Sistema Univ Virtual, Guadalajara, Jalisco, Mexico.Ulloa-Cazarez, Rosa Leonor, Univ Guadalajara, Sistema Univ Virtual, Guadalajara, Jalisco, Mexico.Garcia-Diaz, Noel, Tecnol Nacl Mexico IT Colima, Villa De Alvarez, Mexico.Soriano-Equigua, Leonel, Univ Colima, Fac Ingn Mecan \& Elect, Villa De Alvarez, Mexico.;;"Predictive models; Computational modeling; Adaptation models; Adaptivesystems; Biological neural networks; IEEE transactions; Takagi-Sugenomodel; Computational Intelligence; Fuzzy Systems; Hybrid IntelligentSystems; Neural Networks; Multi-layer Adaptive Fuzzy Inference System;Student performance prediction; Online education; e-learning";IEEE-INST ELECTRICAL ELECTRONICS ENGINEERS INC;1548-0992;English;
Early Detection of Students at High Risk of Academic Failure usingArtificial Intelligence;Nunez, Antonio alvarez and Diaz, Maria del Carmen Santiago and Vazquez,Ana Claudia Zenteno and Marcial, Judith Perez and Linares, GustavoTrinidad Rubin;INTERNATIONAL JOURNAL OF COMBINATORIAL OPTIMIZATION PROBLEMS ANDINFORMATICS;2024;Web of Science (WoS);155-160;15;"The academic performance of students in Mexico has a great impact on the
social and economic development of the country. Early detection of
students at academic risk is necessary to improve educational quality
and reduce school dropouts. This work presents a proposal that uses a
predictive model based on Logistic Regression to identify students at
high risk of academic failure and its usefulness to provide proactive
and personalized support to those who need it. In addition, an overview
of the impact of Artificial Intelligence and Machine Learning in
education is presented, especially in predicting student dropout and
supporting academic performance, allowing us to take an important step
towards a more promising and successful educational future for students.
students.";Article;10.61467/2007.1558.2024.v15i5.573;;"Núnez, AA (Corresponding Author), Benemerita Univ Autonoma Puebla, Fac Ciencias Comp, Av 14 \& San Claudio, Puebla 72570, Pue, Mexico.Nunez, Antonio alvarez; Diaz, Maria del Carmen Santiago; Vazquez, Ana Claudia Zenteno; Marcial, Judith Perez; Linares, Gustavo Trinidad Rubin, Benemerita Univ Autonoma Puebla, Fac Ciencias Comp, Av 14 \& San Claudio, Puebla 72570, Pue, Mexico.";;"Failure; School Dropout; Academic Performance; Artificial Intelligence;Logistic Regression";INT JOURNAL COMBINATORIAL OPTIMIZATION PROBLEMS \& INFORMATICS;2007-1558;English;
Selection of Candidates in the Absence of a College Entrance Exam;Zuniga, Luis Horacio Pedroza and Garcia, Alma Yadhira Lopez and Cetzal,Rubi Surema Peniche and Saucedo, Jessica Najera;REVISTA ELECTRONICA DE INVESTIGACION EDUCATIVA;2022;Web of Science (WoS);1-15;24;"Given the exceptional circumstances of the COVID-19 pandemic and the
problems faced in conducting mass student examinations, this article
explores alternatives to an in-person exam to select candidates hoping
to gain admission to higher education institutions, based on available
information about students and their schools. Census-based information
on entrance evaluations for six annual cohorts is used to obtain a
predictive model that incorporates candidates' average grades and the
historical performance of their schools of origin, measured through
EXANI II. The results allow us to identify a model able to correlate to
.69 the estimated and actual scores; additional scenarios were proposed
with greater levels of prediction (r= .86). A discussion is offered on
the implications of using high school grades, in light of their power to
predict academic performance in higher education.";Article;10.24320/redie.2022.24.e14.4611;;"Zúñiga, LHP (Corresponding Author), Univ Autonoma Baja Calif, Ensenada, Baja California, Mexico.Zuniga, Luis Horacio Pedroza, Univ Autonoma Baja Calif, Ensenada, Baja California, Mexico.Garcia, Alma Yadhira Lopez, Learning Bar, Toronto, ON, Canada.Cetzal, Rubi Surema Peniche; Saucedo, Jessica Najera, Univ Autonoma Aguascalientes, Aguascalientes, Aguascalientes, Mexico.";;"academic achievement; entrance examination; admission requirements;prior learning evaluation; regression analysis";UNIV AUTONOMA BAJA CALIFORNIA, INST INVESTIGACION \& DESARROLLOEDUCATIVO;;Spanish;
THE ROLE OF POSITIVE EMOTIONS IN PSYCHOLOGICAL CAPITAL, ENGAGEMENT ANDACADEMIC PERFORMANCE: A STUDY IN THE CHILEAN SCHOOL CONTEXT;Carmona-Halty, Marcos and Miguel Villegas-Robertson, Jose andMarin-Gutierrez, Mauricio;INTERCIENCIA;2019;Web of Science (WoS);586-592;44;"The study examines the predictive role of positive emotions in
psychological capital, engagement and academic performance, in a sample
of 1142 Chilean secondary school adolescents aged 14-17 (M=15.83;
SD=1.78). For this purpose, the three psychological constructs were
measured in the middle of a regular academic semester and then, at the
end of that semester, the students' academic performance was recorded.
Through the analysis of structural equations, the adjustment of a
predictive model of latent variables was examined. The results show
significant effects for the three dependent variables considered. The
theoretical and practical implications of the results are discussed, the
main limitations of the study are declared, and future directions of
research are proposed.";Article;;;Carmona-Halty, M (Corresponding Author), Univ Tarapaca, Escuela Psicol \& Filosofia, Avda 18 Septiembre 2222, Arica, Chile.Carmona-Halty, Marcos, Univ Tarapaca, Escuela Psicol \& Filosofia, Avda 18 Septiembre 2222, Arica, Chile.Miguel Villegas-Robertson, Jose, Univ Tarapaca, Iquique, Chile.Marin-Gutierrez, Mauricio, Univ Tarapaca, Psicol, Iquique, Chile.;;;INTERCIENCIA;0378-1844;Spanish;
Use of Machine Learning to Measure the Influence of Behavioral andPersonality Factors on Academic Performance of Higher Education Students;Martinez, R. and Alvarez-Xochihua, O. and Mejia, O. and Jordan, A. andGonzalez-Fraga, J.;IEEE LATIN AMERICA TRANSACTIONS;2019;Web of Science (WoS);633-641;17;"Quality of education and improvement of school achievement has been
linked to students' cognitive, behavioral and personality trait factors.
Several researchers have investigated the correlation between these
factors and students' academic performance. Particularly, it is assumed
that behavioral and personality factors, such as study habits and
self-esteem, have a positive and high relationship with students'
academic achievement. However, research studies have shown a weak and
inconsistent linear correlation level. Hence, research about better
representation methods is needed. In this article we present and discuss
the results from two studies on the influence of study habits and
self-esteem on the academic performance of 153 college freshman
students. First, we analyzed the linear correlation between our target
variables; similar to previous work, we found a weak positive
correlation between academic performance and study habits (r=0.283) and
self-esteem (r=0.214). In addition, multiple linear regression was used
to explain the relationship between these variables; it was found that
the independent variables only explain the academic performance in
6.18\%. Second, we propose to use K-means, an unsupervised clustering
algorithm, as a better method to explain the influence of behavioral and
personality factors and students' academic performance. Through the use
of this method: 1) a predictive model of the academic performance is
proposed, 2) it was achieved a better representation about the influence
among the target variables, and 3) a set of students' academic profiles
was created: low, medium and high. We found that 80\% of the students
with a high level of self-esteem and study habits (high academic
profile) obtained a good or outstanding academic performance;
outperforming students within the medium and low academic profiles by a
significantly margin.";Article;10.1109/TLA.2019.8891928;;"Martínez, R (Corresponding Author), Univ Autonoma Baja California, Fac Ciencias, Mexicali, BC, Mexico.Martinez, R.; Alvarez-Xochihua, O.; Jordan, A.; Gonzalez-Fraga, J., Univ Autonoma Baja California, Fac Ciencias, Mexicali, BC, Mexico.Mejia, O., Univ Autonoma Baja California, Fac Ciencias Adm \& Sociales, Mexicali, BC, Mexico.";;"Academic performance; behavioral and personality factors; clustering;machine learning";IEEE-INST ELECTRICAL ELECTRONICS ENGINEERS INC;1548-0992;English;
Prediction of Academic Achievement in Mirror Classes: Sociodemographicand Pedagogical Analysis through Data Mining;Perez-Montero, Eilen-Lorena and Quimbayo-Castro, Julian-Andres;REVISTA CIENTIFICA;2024;Web of Science (WoS);79-98;49;"The aim of this study was to generate predictive models of academic
achievement in mirror classes at different levels using the
sociodemographic and pedagogical profile of 103 students and data mining
algorithms. A quantitative approach was followed based on the CRISP -DM
(cross -industry standard process for data mining) model, addressing
phases such as problem definition; data acquisition, understanding, and
analysis; feature extraction; modeling; model evaluation; and
deployment. The results show that the best model corresponds to the
support vector classifier (SVC) algorithm, with an accuracy of 62\%,
greater robustness to changes, and 0.89 accuracy when classifying
achievement, which represents a reduction of 0.30 compared to the
multinomial logistic regression model (RLOG) and the linear discriminant
analysis (LDA) algorithm. The F1 score metric has a balance of 0.64.
Important predictive attributes were identified to determine academic
achievement with respect to the demographic variable, such as age,
gender, semester, and whether the student lives with their parents.
Likewise, in the pedagogical variable, aspects such as stimuli to
participation, punctuality, collaborative work, clarity of activities
and feedback, ease of expression of the teacher, resources to support
learning, and technological means of communication were highlighted.
This study proposes computer tools for universities to design
improvement and prevention strategies regarding academic performance,
based on the implementation of the internationalization strategy called
mirror class in systems engineering students of a in Huila";Article;10.14483/23448350.21820;;Pérez-Montero, EL (Corresponding Author), Corp Univ Huila, Neiva Huila, Colombia.Perez-Montero, Eilen-Lorena, Corp Univ Huila, Neiva Huila, Colombia.;;"academic achievement; data mining; higher education; mirror class;predictive model";UNIV DISTRITAL FRANCISCO JOSE DE CALDAS, CENTRO INVEST \& DESARROLLOCIENT;0124-2253;English;
Early Prediction of At-Risk Students in Secondary Education: ACountrywide K-12 Learning Analytics Initiative in Uruguay;Queiroga, Emanuel Marques and Batista Machado, Matheus Francisco andParagarino, Virginia Rodes and Primo, Tiago Thompsen and Cechinel,Cristian;INFORMATION;2022;Web of Science (WoS);;13;"This paper describes a nationwide learning analytics initiative in
Uruguay focused on the future implementation of governmental policies to
mitigate student retention and dropouts in secondary education. For
this, data from a total of 258,440 students were used to generate
automated models to predict students at risk of failure or dropping out.
Data were collected from primary and secondary education from different
sources and for the period between 2015 and 2020. Such data contains
demographic information about the students and their trajectories from
the first grade of primary school to the second grade of secondary
school (e.g., student assessments in different subjects over the years,
the amount of absences, participation in social welfare programs, and
the zone of the school, among other factors). Predictive models using
the random forest algorithm were trained, and their performances were
evaluated with F1-Macro and AUROC measures. The models were planned to
be applied in different periods of the school year for the regular
secondary school and for the technical secondary school ((before the
beginning of the school year and after the first evaluation meeting for
each grade). A total of eight predictive models were developed
considering this temporal approach, and after an analysis of bias
considering three protected attributes (gender, school zone, and social
welfare program participation), seven of them were approved to be used
for prediction. The models achieved outstanding performances according
to the literature, with an AUROC higher than 0.90 and F1-Macro higher
than 0.88. This paper describes in depth the characteristics of the data
gathered, the specifics of data preprocessing, and the methodology
followed for model generation and bias analysis, together with the
architecture developed for the deployment of the predictive models.
Among other findings, the results of the paper corroborate the
importance given in the literature of using the previous performances of
the students in order to predict their future performances.";Article;10.3390/info13090401;;"Queiroga, EM (Corresponding Author), IFSul, Inst Fed Rio Grande do Sul, BR-96015560 Pelotas, RS, Brazil.Queiroga, EM; Cechinel, C (Corresponding Author), Univ Fed Pelotas UFPel, Ctr Desenvolvimento Tecnol CDTEC, BR-96010610 Pelotas, RS, Brazil.Cechinel, C (Corresponding Author), Univ Fed Santa Catarina UFSC, Ctr Ciencias Tecnol \& Saude CTS, BR-88906072 Ararangua, Brazil.Queiroga, Emanuel Marques, IFSul, Inst Fed Rio Grande do Sul, BR-96015560 Pelotas, RS, Brazil.Queiroga, Emanuel Marques; P";;"classification; educational strategies; secondary education; learninganalytics; at-risk prediction; dropout prediction; bias analysis;fairness in machine learning";MDPI;;English;
Machine learning models for academic performance prediction:interpretability and application in educational decision-making;Guevara-Reyes, Rodrigo and Ortiz-Garces, Ivan and Andrade, Roberto andCox-Riquetti, Fernanda and Villegas-Ch, William;FRONTIERS IN EDUCATION;2025;Web of Science (WoS);;10;"The integration of artificial intelligence in education has enabled the
development of predictive models for academic performance. However, most
existing approaches lack interpretability and do not provide actionable
insights for decision-making. This study addresses these limitations by
deploying optimized machine learning models, specifically XGBoost and
Random Forest, to predict student performance considering
geographically, institutional, socioeconomic, and academic factors.
Unlike previous research focused only on accuracy, this work
incorporates SHAP-based interpretability techniques and an interactive
decision support system to analyze the impact of various variables on
educational outcomes. The model was trained and validated on a dataset
of 50,000 student records, optimized through hyperparameter tuning and
cross-validation. Results indicate that XGBoost achieves an R2 of 0.91,
outperforming traditional approaches, and reduces the mean square error
(MSE) by 15\%. The feature importance analysis reveals that five
variables explain 72\% of the variability in performance, highlighting
the influence of socioeconomic conditions, infrastructure, and the
student-teacher ratio. In addition, simulations of educational policies
show that improving teacher training and access to technology increases
performance by 18\% and reduces dropout by 12\%. This study presents a
scalable and interpretable predictive model that anticipates student
performance and helps optimize educational strategies through artificial
intelligence applied to decision-making.";Article;10.3389/feduc.2025.1632315;;"Ortiz-Garces, I (Corresponding Author), Univ Las Amer, Escuela Ingn Cibersegur, Fac Ingn \& Ciencias Aplicadas FICA, Quito, Ecuador.Guevara-Reyes, Rodrigo, Univ Estatal Milagro, Fac Ciencias \& Ingn, Milagro, Ecuador.Ortiz-Garces, Ivan; Villegas-Ch, William, Univ Las Amer, Escuela Ingn Cibersegur, Fac Ingn \& Ciencias Aplicadas FICA, Quito, Ecuador.Andrade, Roberto, Univ San Francisco Quito USFQ, Colegio Ciencias \& Ingn, Quito, Ecuador.Cox-Riquetti, Fernanda, Univ Las Amer, Escuela Matemat,";;"adaptive learning; problem-solving; artificial intelligence ineducation; learning personalization; education; institutional use";FRONTIERS MEDIA SA;;English;
Predictive modeling of on-time graduation in computing engineeringprograms: A case study from Northern Chile;Quelopana, Aldo and Keith, Brian and Pizarro, Ricardo;COMPUTER APPLICATIONS IN ENGINEERING EDUCATION;2024;Web of Science (WoS);;32;"In the ever-evolving landscape of 21st-century education, this research
seeks to understand the challenges of on-time graduation for students in
two related computing majors. In particular, we focus on the Universidad
Cat \& oacute;lica del Norte computing engineering programs in Chile,
specifically the ``Computing and Informatics Civil Engineering{''}
(ICCI) and ``Computing and Informatics Execution Engineering{''} (IECI)
programs. We developed a machine-learning-based model using random
forests to predict delays in submissions of the final report of
graduation projects, the key step in the graduation pipeline of the
analyzed students. We had access to a data set comprised of 209 students
in the period from 2013 to 2017, out of these students, only 111
completed all their graduation requirements. Thus, we focused on this
subset of students for the analysis. Our analyses of results indicate
that individual advisors minimally contribute to predicting timely or
late submissions, emphasizing the need for a holistic approach. In
contrast, the specific major, graduation modality, and time in the
program play crucial roles, with GPA emerging as the most influential
factor (24.06\%). Notably, the ``Professional Work{''} modality exhibits
a moderate positive correlation with late submissions, contextualized by
students' employment commitments. The study's predictive model offers
actionable insights for educators and administrators, identifying
at-risk students and advocating for personalized support strategies.
This research contributes to the ongoing dialogue on enhancing
educational outcomes by integrating data-driven approaches tailored to
diverse student profiles.";Article;10.1002/cae.22767;;"Keith, B (Corresponding Author), Univ Catolica Norte, Dept Comp \& Syst Engn, Ave Angamos 0610, Antofagasta, Chile.Quelopana, Aldo; Keith, Brian; Pizarro, Ricardo, Univ Catolica Norte, Dept Comp \& Syst Engn, Ave Angamos 0610, Antofagasta, Chile.Pizarro, Ricardo, Univ Alcala UAH, Dept Elect, Madrid, Spain.";;"graduation project; predictive model; random forest; variable importance";WILEY;1061-3773;English;
Machine Learning Model through Ensemble Bagged Trees in PredictiveAnalysis of University Teaching Performance;Chamorro-Atalaya, Omar and Chavez-Herrera, Carlos and Anton-De losSantos, Marco and Anton-De los Santos, Juan and Torres-Quiroz, Almintorand Leva-Apaza, Antenor and Tasayco-Jala, Abel and Peralta-Eugenio,Gutember;INTERNATIONAL JOURNAL OF ADVANCED COMPUTER SCIENCE AND APPLICATIONS;2021;Web of Science (WoS);367-373;12;"The objective of this study is to analyze and discuss the metrics of the
Machine Learning model through the Ensemble Bagged Trees algorithm,
which will be applied to data on satisfaction with teaching performance
in the virtual environment. Initially the classification analysis
through the Matlab R2021a software, identified an Accuracy of 81.3\%,
for the Ensemble Bagged Trees algorithm. When performing the validation
of the collected data, and proceeding with the obtaining of the
predictive model, for the 4 classes (satisfaction levels), total
precision values of 82.21\%, Sensitivity of 73.40\%, Specificity of
91.02\% and of 90.63\% Accuracy. In turn, the highest level of the area
under the curve (AUC) by means of the Receiver operating characteristic
(ROC) is 0.93, thus considering a sensitivity of the predictive model of
93\%. The validation of these results will allow the directors of the
higher institution to have a database, to be used in the process of
improving the quality of the educational service in relation to teaching
performance.";Article;;;"Chamorro-Atalaya, O (Corresponding Author), Univ Nacl Tecnol Lima Sur, Fac Ingn \& Gest, Lima, Peru.Chamorro-Atalaya, Omar, Univ Nacl Tecnol Lima Sur, Fac Ingn \& Gest, Lima, Peru.Chavez-Herrera, Carlos, Univ Nacl Mayor San Marcos, Fac Ingn Sistemas \& Informat, Lima, Peru.Anton-De los Santos, Marco; Anton-De los Santos, Juan, Univ Nacl Federico Villarreal, Fac Ciencias Econ, Lima, Peru.Torres-Quiroz, Almintor, Univ Nacl Callao, Fac Ciencias Econ, Lima, Peru.Leva-Apaza, Antenor, Univ Tecnol";;"Machine learning; ensemble; bagged trees; predictive analysis; teachingperformance";SCIENCE \& INFORMATION SAI ORGANIZATION LTD;2158-107X;English;
Early and Dynamic Socio-Academic Variables Related to Dropout Intention:A Predictive Model Made during the Pandemic;Maluenda-Albornoz, Jorge and Infante-Villagran, Valeria andGalve-Gonzalez, Celia and Flores-Oyarzo, Gabriela and Berrios-Riquelme,Jose;SUSTAINABILITY;2022;Web of Science (WoS);;14;"Social and academic integration variables have been shown to be relevant
for the understanding of university dropout. However, there is less
evidence regarding the influence of these variables on dropout
intention, as well as the predictive models that explain their
relationships. Improvements in this topic become relevant considering
that dropout intention stands as a useful measure to anticipate and
intervene this phenomenon. The objective of the present study was to
evaluate a predictive model for university dropout intention that
considers the relationships between social and academic variables during
the first university semester of 2020. The research was conducted using
a cross-sectional associative-predictive design, with a convenience
sampling (n = 711) due to the restrictions of the pandemic period. The
results showed a good fit of the proposed hypothetical model that
explained 38.7\% of dropout intention. Both social support and perceived
social isolation predicted the sense of belonging and, through it,
engagement. Previous academic performance predicted early academic
performance and, through it, engagement. The set of variables predicted
the intention to quit through engagement. These results are a
contribution both to the understanding of the phenomenon and to guide
potential interventions in the early stages of the university
experience.";Article;10.3390/su14020831;;Maluenda-Albornoz, J (Corresponding Author), Univ San Sebastian, Fac Psicol, Concepcion 4080871, Chile.Maluenda-Albornoz, Jorge, Univ San Sebastian, Fac Psicol, Concepcion 4080871, Chile.Infante-Villagran, Valeria, Univ Concepcion, Dept Psicol, Programa Doctorado Psicol, Concepcion 4070386, Chile.Galve-Gonzalez, Celia, Univ Oviedo, Dept Psicol, Oviedo 33003, Spain.Berrios-Riquelme, Jose, Univ Tarapaca, Dept Ciencias Sociales, Iquique 1113749, Chile.;;"dropout intention; perceived social isolation; perceived social support;engagement; sense of belonging; higher education";MDPI;;English;
Predictive model based on artificial intelligence and contextualawareness to identify students at risk of dropping out of university inPanama;Arenales, Laury and Villarreal, Vladimir and Saldana-Barrios, Juan Jose;INGENIERIA SOLIDARIA;2025;Web of Science (WoS);;21;"Introduction: This article presents the findings from the research on
the ``Analysis, design, and development of a context-aware intelligent
system for university dropout prediction using a microservices
architecture{''} conducted at the Technological University of Panama in
2024. The study focuses on creating a predictive model using artificial
intelligence that integrates students' academic, sociodemographic, and
psychological context to identify students at risk of early dropout.
Problem: In Latin America, the educational system struggles with high
dropout rates, particularly at the university level. The early years of
university education are crucial, and dropping out during this period
significantly impacts a country's social, labor, and economic
development. Objective: The main goal of this research was to develop a
context-aware predictive model using artificial intelligence to identify
students at risk of dropping out at the Technological University of
Panama. The model incorporates academic, socioeconomic, and
psychological factors to predict dropout risks more accurately.
Methodology: The study follows the CRISP-DM (Cross-Industry Standard
Process for Data Mining) methodology, starting with problem
understanding and followed by the collection and processing of students'
academic, socioeconomic, and psychological data. Three machine learning
models were implemented and evaluated: Logistic Regression, Random
Forest, and Gradient Boosting. Each model was tested under different
scenarios to identify the most effective one. Results: The Random Forest
model in Scenario 3 demonstrated the best performance, offering a strong
balance between accuracy and generalization. This model was the most
effective for predicting university dropouts based on the collected
data. Conclusion: The developed predictive model is a relevant and
innovative tool that can help the Technological University of Panama
identify students at risk of dropping out early. By using artificial
intelligence and a context-aware approach, this tool can contribute to
reducing dropout rates and improve student retention. Originality: This
research introduces a novel approach to university dropout prediction by
integrating context-awareness with artificial intelligence. The
multidimensional nature of the model, considering academic,
sociodemographic, and psychological factors, sets it apart from
traditional predictive models. Limitations: One of the key limitations
of this research was the restricted availability of real psychological
data, which limited the comprehensiveness of the model.";Article;10.16925/2357-6014.2025.01.08;;"Arenales, L (Corresponding Author), Univ Tecnol Panama, Fac Ingn Sistemas Computac, Panama City, Panama.Arenales, Laury; Villarreal, Vladimir; Saldana-Barrios, Juan Jose, Univ Tecnol Panama, Fac Ingn Sistemas Computac, Panama City, Panama.";;"dropout; artificial intelligence; predictive model; context; university;student";UNIV COOPERATIVE COLOMBIA, FAC ENGINEERING;1900-3102;English;
Analysis of Data Mining Techniques for Constructing a Predictive Modelfor Academic Performance;Merchan, S. M. and Duarte, J. A.;IEEE LATIN AMERICA TRANSACTIONS;2016;Web of Science (WoS);2783-2788;14;"This paper presents and analyzes the experience of applying certain data
mining methods and techniques on 932 Systems Engineering students' data,
from El Bosque University in Bogota, Colombia; effort which has been
pursued in order to construct a predictive model for students' academic
performance. Previous works were reviewed, related with predictive model
construction within academic environments using decision trees,
artificial neural networks and other classification techniques. As an
iterative discovery and learning process, the experience is analyzed
according to the results obtained in each of the process' iterations.
Each obtained result is evaluated regarding the results that are
expected, the data's input and output characterization, what theory
dictates and the pertinence of the model obtained in terms of prediction
accuracy. Said pertinence is evaluated taking into account particular
details about the population studied, and the specific needs manifested
by the institution, such as the accompaniment of students along their
learning process, and the taking of timely decisions in order to prevent
academic risk and desertion. Lastly, some recommendations and thoughts
are laid out for the future development of this work, and for other
researchers working on similar studies.";Article;10.1109/TLA.2016.7555255;;Merchán, SM (Corresponding Author), Univ El Bosque, Grp Invest OSIRIS\&BioAxis, Bogota, Colombia.Merchan, S. M., Univ El Bosque, Grp Invest OSIRIS\&BioAxis, Bogota, Colombia.Duarte, J. A., Univ El Bosque, Ingn Sistemas, Bogota, Colombia.;;"Data mining; Predictive modeling; Academic risk prevention; Academicperformance; Educational data mining";IEEE-INST ELECTRICAL ELECTRONICS ENGINEERS INC;1548-0992;Spanish;
Student Dropout Predictive Model Using Data Mining Techniques;Amaya, Y. and Barrientos, E. and Heredia, D.;IEEE LATIN AMERICA TRANSACTIONS;2015;Web of Science (WoS);3127-3134;13;"Data mining allows discover hidden information in large amounts of data,
which is very difficult to visualize with traditional process. This
topic of computer science permits manipulation and classification of
huge amounts of data. C4.5 and ID3 decision tree, for example, have been
proven to be efficient for specific prediction cases. This article shows
the construction of a predictive model of student dropout,
characterizing students at the University Simon Bolivar in order to
predict the probability that a student drop out his/her an academic
program, by means of two data mining techniques and comparison of
results. To create the model was used WEKA that allows multiple and
efficient tools for data processing.";Article;;;"Amaya, Y (Corresponding Author), Univ Francisco de Paula Santander, Ocana, Colombia.Amaya, Y.; Barrientos, E., Univ Francisco de Paula Santander, Ocana, Colombia.Heredia, D., Univ Simon Bolivar, Barranquilla, Colombia.";;"Data Mining; predictive model; Students; Student drop out";IEEE-INST ELECTRICAL ELECTRONICS ENGINEERS INC;1548-0992;Spanish;
Predicting Student Performance Based on Logs in Moodle LMS;Tamada, Mariela Mizota and Giusti, Rafael and de Magalhães Netto, José Francisco;;2021;IEEE Xplore;1-8;;Context: This innovative practice full paper presents a methodology to predict at-risk students in the context of a course assisted by an LMS (Learning Management System). LMSs generate large amounts of data about courses and students, which allows schools to make useful insights with the help of computational analytical tools. Most educational institutions claim that the most significant issue in virtual learning is high student dropout rates, and school performance is one of its main factors. Objective: Our study aims to use Machine Learning techniques based on logs from the Modular Object-Oriented Dynamic Learning Environment (Moodle). Those data are used to analyze student behavior and create a model that helps detect students at risk. Method: This paper used institutional data and trace data generated by LMS of a Computing education technical courses, blended and distance learning, at high school. We compared 7 algorithms with models trained at 6%, 20%, 40%, and 60% of the course duration, with the intent of exploring the compromise between early and late detection of at-risk students. Our model has 69% positive classe (failed) and 31% negative class (passed), and the false positives cost is important. Results: The results show 7 created models of predicting. The findings for Random Forest performed the best when predicting a student's performance. Conclusion: Our study provides a student at-risk prediction model using ML techniques on logs in Moodle LMS and may guide future studies and tool development to reduce these high dropout rates.;;10.1109/FIE49875.2021.9637274;;;;"Learning management systems;Electronic learning;Costs;Object oriented modeling;Computational modeling;Heuristic algorithms;Education;performance prediction;Machine Learning;Learning Management Systems;logs in Moodle";;2377-634X;;
Exploring Behavioral Patterns in Chile's Higher Education: A Data-Driven Approach Using OLAP Techniques;Labarca, Carlos and Antunez, Sebastian and Peralta, Billy and Schwarzenberg, Pablo and Quinsacara, Paulo and Levano, Marcos;;2024;IEEE Xplore;1-6;;Over the years, the issue of education in Chile has persisted, directly impacting national development, particularly in terms of the quality and quantity of professionals effectively integrating into society and contributing to the country's progress. Despite significant initiatives aimed at facilitating access to higher education, these measures seem to fall short of full effectiveness. To address this challenge, publicly available data from the Ministry of Education will be utilized, employing OLAP tools to identify behavioral patterns that can inform the construction of a predictive model regarding delays in graduation processes and dropout rates in higher education. The resulting data cube will be made publicly available to the scientific community, aiming to foster collaborative efforts in tackling these educational challenges.;;10.1109/ICSAI65059.2024.10893770;;;;"Data analysis;Education;Collaboration;Predictive models;Delays;Informatics;Higher education;OLAP;Graduation";;2689-7148;;
Monitoring and Predicting Performance of Students in Degree Programs using Machine Learning;Kumar, G. Saravana and De la Cruz-Cámaco, Dante and Ravichand, M. and Joshi, Kapil and Gupta, Zatin and Gupta, Sakshi;;2023;IEEE Xplore;1311-1315;;In higher education, it is frequently necessary to find a solution to the issue of student retention. Managers and scholars in the field frequently rely entirely and expertise to recognise potential risk factors and students. This study looks at the research on the approaches and metrics being used now in learning analytics. While there are techniques available, our research shows that they are not focused on identifying difficult pupils as soon as possible. With the use of contemporary computer vision tools and methodologies, we design a novel statistical tool for class participation and develop a predictive model. It shows how pupils may be identified with 97% accuracy as early about week three. Additionally, we place this finding in a suitable pedagogical framework to support its application as a component of a more complete student assistance system. There is a wealth of publicly available learning data that can be utilised to analyse individual student behaviour, address their issues, improve the instructional climate, and enable data-driven choices, thanks to the support of software learning platforms. Based on that, the paper focuses on developing a system that can effectively monitor and predict the performance of students in degree programs by using the evolving machine learning. As retention of students has becoming a serious concern, it was necessary to develop performance monitoring and predicting system. Using a comprehensive research methodology this study has analysed all relevant information to the topic to draw an effective conclusion at the end.;;;;;;"Measurement;Systematics;Machine learning;Predictive models;Data models;Software;Indexes;Machine Learning;Matrix factorization";;;;
Analysis of Student Dropout in Industrial Engineering Students Using Computational Intelligence Techniques;Tenjo-García, Jhoan Sebastian and Figueroa-García, Juan Carlos;;2024;IEEE Xplore;1-6;;"Industrial Engineering attracts diverse students because it offers versatile career opportunities; however, student attrition remains a significant concern. This study employs computational intelligence techniques to analyze a data set from the U niversidad Distrital Francisco Jose de Caldas. Through data refinement processes, including statistical analysis, clustering methods and predictive modeling, our goal is to ensure data integrity and unveil the dynamics of student dropout in Industrial Engineering. We also present the effectiveness of computational intelligence in understanding dropout behavior. The study provides valuable information for education professionals and policymakers.";;10.1109/EDUNINE60625.2024.10500602;;;;"Analytical models;Statistical analysis;Computational modeling;Industrial engineering;Predictive models;Data models;Robustness;Student Dropout;Computational Intelligence;Clustering Techniques;Data Refinement;Predictive Modeling;Educational Insights";;;;
EvolveDTree: Analyzing Student Dropout in Universities;Santos, G.A.S. and Belloze, K.T. and Tarrataca, L. and Haddad, D.B. and Bordignon, A.L. and Brandao, D.N.;;2020;IEEE Xplore;173-178;;Brazilian society suffers constant financial losses when higher education students disassociate from universities without completing the degree program in which they were enrolled. This is especially true when the institutions are funded through public resources. In order to minimize evasion losses, socioeconomic policies and programs were created to assist and support actions seeking to maximize the number of students that graduate in a suitable program time. This work presents a methodology that aims to predict evasion by using machine learning. Our approach was able to classify student abandonment with an average f-score and accuracy results above 95%. Our approach combines a decision tree alongside a genetic algorithm and cluster stratified sampling. The results obtained show that students with a Grade Point Average (GPA) below 5.79 and that have been enrolled for more than a year require careful monitoring because they tend to exceed the program duration time or abandon it. Furthermore, approximately one-third of all identified dropouts students occurred in the first year.;;10.1109/IWSSIP48289.2020.9145203;;;;"Decision trees;Feature extraction;Genetic algorithms;Fires;Training;Machine learning;higher education;dropout;machine learning;evolutionary computation;features selection";;2157-8702;;
Model for the Prediction of Dropout in Higher Education in Peru applying Machine Learning Algorithms: Random Forest, Decision Tree, Neural Network and Support Vector Machine;Jiménez, Omar and Jesús, Ashley and Wong, Lenis;;2023;IEEE Xplore;116-124;;University dropout is a problem that not only affects students, but also families, universities, society, and others. This problem has a global character, so it is common to identify it in different parts of the world. However, there are few solutions that efficiently take advantage of available technology and information. Therefore, this study implements a predictive analysis model to identify students at risk of dropout in Peruvian universities and the variables that influence it. For this purpose, the Cross Industry Standard Process for Data Mining (CRISP - DM) methodology is used to develop the model and four Machine Learning algorithms. The methodology consists of five phases: business understanding, data understanding, data preparation, modeling, and evaluation. The experiment was carried out by conducting a survey to 385 students from different public and private universities in Peru, where cognitive, affective, family environment, pre-university, career and university variables were considered. The results showed that the most influential variables in the prediction of university dropout were “age”, “term” and the student's “financing method”. We also found that the Random Forest algorithm obtained the best performance, with an AUC of 0.9623 in the prediction of college dropout.;;10.23919/FRUCT58615.2023.10143068;;;;"Surveys;Support vector machines;Technological innovation;Machine learning algorithms;Predictive models;Prediction algorithms;Data models";;2305-7254;;
Predictive Attributes in Machine Learning for University Academic Performance: A Feature Engineering Approach;Luza, Juan Carlos Jo and Rodriguez, Ciro;;2024;IEEE Xplore;443-456;;This study focuses on identifying the most relevant predictive attributes that influence the academic performance of university students in Peru, the objective of this study is to identify the key predictive attributes that significantly influence the likelihood of predicting satisfactory academic performance. for this, advanced Machine Learning (ML) techniques and Educational Data Mining (EDM) were implemented, applying feature engineering (FE) methods such as redundancy elimination, significance analysis, handling of missing values, and the creation of new features. Algorithms like Random Forests (RF), among others, were utilized. The results demonstrated that FE significantly improves the performance of the models, especially in RF and Logistic Regression (LR), increasing the recall and the AUC ROC (0.94 RF and 0.93 LR), indicating a better ability to correctly identify students who will pass. The conclusion of the study indicates that characteristics are crucial to improving predictive models. Variables such as participation in tutoring, class attendance and use of academic resources are key. The study offers guidelines for implementing predictive systems that support at-risk students.;;10.1109/CICN63059.2024.10847424;;;;"Radio frequency;Support vector machines;Sensitivity;Redundancy;Tutorials;Predictive models;Iron;Object recognition;Random forests;Context modeling;Machine learning;feature engineering;prediction;student dropout";;2472-7555;;
Model based on Machine Learning to alert early on the academic performance that a Systems Engineering student would have upon graduation;Zelada-Valdivieso, Héctor;;2021;IEEE Xplore;1-4;;Academic performance is very important evidence that shows the quality of educational programs, because many interest groups expect universities to adequately prepare their students. However, there are different studies that show that recent graduates do not have the skills required by the labor market. In this sense, a review of the literature was made regarding technological solutions related to alerts, prediction or early measurement of the graduate's academic performance, finding that the vast majority of research focused on predicting academic performance in classroom or classroom courses. virtual or in the prediction of student dropout, but the issue of early prediction of the academic performance that a student should upon graduation has not been studied much. Due to this, a computational model based on Machine Learning was developed that allows early warning of the academic performance that a Systems Engineering student would have upon graduation and in this way improvement actions can be proposed before the students leave the university. For this, the CRISP-DM methodology were used, arriving to determine that the model trained with Ensemble (Subspace discriminant) obtained greater precision: 81.4%.;;10.1109/ICALTER54105.2021.9675117;;;;"Mathematical models;Matlab;Machine learning;Support vector machines;Computational modeling;Data mining;Visualization;Prediction;Academic Performance;Graduate;Machine Learning";;;;
Explainable Prediction of Academic Failure Using Bayesian Networks;Tarbes, Juan and Morales, Pamela and Levano, Marcos and Schwarzenberg, Pablo and Nicolis, Orietta and Peralta, Billy;;2022;IEEE Xplore;1-6;;Currently, academic dropout is a crucial problem of higher education institutions in Chile due to the high social and economic costs that it entails. Usually, dropout prediction is performed using computational methods analyzing the student’s personal information as well as their academic indicators during their studies, which require a period of time to know them. Moreover, this event is highly correlated to the academic failure of several key courses. An attractive alternative is to apply an initial test to achieve this prediction without requiring completion of the typical study periods. In this work we propose the use of Bayesian networks to make the explainable predictions of academic failure from an initial test considering the incorporation of knowledge from experts in educational management in the computational model. In particular, different configurations of Bayesian network models are applied to first-year engineering students at a Chilean university during the year 2019. The results indicate that this approach generally obtains 85% accuracy where the Bayesian networks show complex relationships between the variables. This work shows that the Bayesian network model can eventually detect the students most likely to drop out at the beginning of their studies. As future work, we plan to incorporate external variables as the student socio-economic data.;;10.1109/ICA-ACCA56767.2022.10006086;;;;"Knowledge engineering;Costs;Computational modeling;Education;Predictive models;Bayes methods;Engineering students;Bayesian networks;explainable prediction;higher education.";;;;
Comparison of Machine Learning Methods for Early Detection of Student Dropouts;Karabacak, Esra Siler and Yaslan, Yusuf;;2023;IEEE Xplore;376-381;;One of the major issues in Educational Artificial Intelligence is detecting university student dropouts. Student dropout prediction is a growing research area since dropouts have financial, social, and national consequences. To deal with this issue, we examined the performance of ten machine learning algorithms with different feature sets in predicting university student dropout. Used algorithms are: Decision Trees, K-Nearest Neighbors, Naïve Bayes, Logistic Regression, Stacking Classifier, Adaboost, XGBoost, Random Forest, Support Vector Machines, and Multi Layer Perceptrons. The Synthetic Minority Oversampling Technique (SMOTE) balancing algorithm is used in the training process, to balance training data since the used dataset has an imbalanced nature. On the student dataset from Tecnologico de Monterrey in Mexico, we obtained 92 % accuracy on the XGBoost algorithm with a sub-feature set. We showed that the selected data features are as important as the selected method. Considering different performance metrics other than accuracy for imbalanced data is important. Having economic and historical score data increases accuracy. We also have seen that XGBoost and Random Forrest algorithms were the best for this task.;;10.1109/UBMK59864.2023.10286747;;;;"Support vector machines;Measurement;Machine learning algorithms;Computational modeling;Biological system modeling;Stacking;Prediction algorithms;machine learning;university dropout;student dropout prediction;educational data mining";;2521-1641;;
Predictive Analysis of Student Dropout in the Computer Science Program at the University of Brasilia;Garcia, Giovana Pinho and Holanda, Maristela and Mandelli, Marcelo and Moreira, Jonathan Rosa and Da Silva, Dilma;;2025;IEEE Xplore;1-8;;Student dropout is a major challenge in Brazilian public higher education, particularly in computer science programs, where rates can exceed 40%. As most of Brazil's top universities are public and tuition-free, high dropout rates not only affect individual academic paths but also strain the broader educational system. This study investigates dropout factors beyond academic performance, incorporating socioeconomic variables, university admission methods, and the effects of the 2012 Quota Law, which reserves 25% of university admission slots for low-income students. This research explores how educational data mining, enhanced by socio-economic data, could identify key predictors of dropout in computer science programs. Using student data collected from a top federal university over the period 2013-2020, the study applies three machine learning algorithms - Gradient Boosting Machine (GBM), Support Vector Machine (SVM), and Random Forest (RF) - to build predictive models. The results show that the models achieved over 90% accuracy in predicting dropout. The most significant predictors include Grade Point Average (GPA), performance in introductory programming courses, and the mode of admission. These findings offer valuable insights for university administrators seeking to reduce dropout rates. While the study focuses on one institution, its implications extend across Brazil's federal university system, where similar admission and evaluation policies are employed. The findings suggest that combining academic and socio-economic data can inform more effective retention strategies in computer science programs.;;10.1109/FIE63693.2025.11328687;;;;"Support vector machines;Radio frequency;Machine learning algorithms;Predictive models;Data mining;Socioeconomics;Predictive analytics;Random forests;Programming profession;Strain;Educational data mining;dropout rates;predictive models;dropout in Computer Science";;2377-634X;;
A comparative study of WHO and WHEN prediction approaches for early identification of university students at dropout risk;Pachas, Daniel A. Gutierrez and Garcia-Zanabria, Germain and Cuadros-Vargas, Alex J. and Camara-Chavez, Guillermo and Poco, Jorge and Gomez-Nieto, Erick;;2021;IEEE Xplore;1-10;;Reducing the students' dropout is one of the biggest challenges faced by educational institutions, especially in underdeveloped countries. Identification of the student with the highest risk of dropping out is generally used to apply corrective actions (WHO). Therefore, it is also important to determine WHEN a student will drop out, which is fundamental to planning preventive actions. In this work, we perform a study to quantitatively compare several approaches to address the early identification of dropout students in universities. We categorize our study into three main methods families, i.e., analytical methods, traditional classification methods, and probabilistic methods. The first is exploited at preprocessing step for selecting significant variables into the dropout identification task. The second uses machine learning models to classify students into dropout prone or non-dropout prone classes. The third family uses survival models to determine when the student would desert. To evaluate the predictive capacity of the classification models, the Kappa coefficient was incorporated into the usual machine learning metrics and shows that Kappa is handy for evaluating performance in unbalanced data. Similarly, in the survival models, the concordance index was applied to evaluate the predictive capacity. Our approach was applied over a real data set of Peruvian university graduate students to identify when and who will drop out.;;10.1109/CLEI53233.2021.9640119;;;;"Radio frequency;Measurement;Machine learning algorithms;Machine learning;Predictive models;Probabilistic logic;Hazards;University dropout;Machine learning;Survival analysis";;;;
Using machine learning methods to identify significant variables for the prediction of first-year Informatics Engineering students dropout;Bello, Felipe A. and Kóhler, Jacqueline and Hinrechsen, Karen and Araya, Víctor and Hidalgo, Luciano and Jara, José Luis;;2020;IEEE Xplore;1-5;;Student dropout is a phenomenon that affects all higher education institutions in Chile, with costs for people, institutions and the State. The reported retention rate of first year students for all Chilean universities was of 75%. Despite the extensive research and the implementation of various models to identify dropout causes and risk groups, few of them have been carried out in the Chilean higher education context. Our work attempts to identify, using machine learning methods, the variables with highest predictive value for student dropout by the end of the first year of study, within a 6-year Informatics Engineering programme with a rather high dropout rate of 21.9% reported on 2018. In that regard, we use the data of 4 cohorts of students (2012-2016) enrolled at the programme, to feed a random forest feature selection process. We later build a decision tree using the identified relevant features, which we later test using data of the 2017-2018 cohorts of students. Despite the fact that the decision tree is over-fitted (97,21% training accuracy against 81.01% test accuracy), the process sheds light on the nature of the variables that determine whether or not a student remains at the end of their first year of study at the University. 6 of the identified factors are academic, and the remaining one is social-cultural.;;10.1109/SCCC51225.2020.9281280;;;;"Training;Forestry;Predictive models;Decision trees;Feeds;Informatics;Random forests;first-year student dropout;decision trees;random forest";;1522-4902;;
Multilayer Neural Networks for Predicting Academic Dropout at the National University of Santa - Peru;Caselli Gismondi, Hugo Esteban and Urrelo Huiman, Luis Vladimir;;2021;IEEE Xplore;1-4;;Investigations have applied the Machine Learning to predict whether a college student culminate or not his studies, however, in each scenario the factors that influence student graduation are multiples, then: how predict defection students at the U niversidad N acional of Santa - Peru with a precision greater than 90%? In the present research a model based on Multilayer Neural Networks was trained to predict the academic dropout at the School of Engineering from the aforementioned university, to Neural Networks Multilayer of 6 layers, it provided a model with an accuracy of the 98.97% in the training set, which is satisfactory in relation to alternative models they worked in 15 different experiments and which were compared with classification algorithms obtained in the service AutoAI of IBM Watson Studio that returned to classifier XGB as the best predictor with an accuracy of 87.1 %.;;10.1109/ICACIT53544.2021.9612507;;;;"Training;Cellular phones;Catalysts;Neurons;Predictive models;Nonhomogeneous media;Accreditation;Artificial Intelligence;Neural Network;Data Mining in Education;College Graduation;Academic Follow-Up";;;;
AI-Based Application to Predict Student Dropout in the National Learning Service SENA;Cabrera, Erika and Ramírez, Gabriel M. and Diaz, Jaime and Moreira, Fernando;;2023;IEEE Xplore;1-4;;We created a web application for the National Learning Service (NLS) in Colombia to identify students who are at risk of dropping out. This application helps the Student Welfare Department offer support to those who need it. We collected data on socio-economic variables that contributed to academic dropout and used it to develop the software. We explored different artificial intelligence techniques in the Machine Learning area and selected the best algorithm to integrate into the software. The resulting software has improved processes at NLS and can benefit other higher education institutions.;;10.1109/JICV59748.2023.10565734;;;;"Machine learning algorithms;Software algorithms;Education;Machine learning;Prediction algorithms;Software;School dropout;Higher Education;Colombia;Artificial Intelligence;Machine Learning";;;;
